Listing Position,Title,Brand,MRP,Price,Average Rating Score,Count of Ratings,Count of Reviews,Product URL
1,Croma CREL043UGC333801 109 cm (43 inch) 4K Ultra HD LED Google TV with Dolby Audio (2024 model),Croma,38900.0,22990.0,5.0,6,4,https://www.croma.com/croma-crel043ugc333801-109-cm-43-inch-4k-ultra-hd-led-google-tv-with-dolby-audio-2024-model-/p/307847
2,Croma CREL055UGC333801 140 cm (55 inch) 4K Ultra HD Google TV with Dolby Audio (2024 model),Croma,76500.0,33990.0,0.0,0,0,https://www.croma.com/croma-crel055ugc333801-140-cm-55-inch-4k-ultra-hd-google-tv-with-dolby-audio-2024-model-/p/307848
3,SONY Bravia 2 109 cm (43 inch) 4K Ultra HD LED Google TV with Live Colour Technology (2024 model),Sony,59900.0,40990.0,0.0,0,0,https://www.croma.com/sony-bravia-2-109-cm-43-inch-4k-ultra-hd-led-google-tv-with-live-colour-technology-2024-model-/p/308025
4,SAMSUNG Crystal 4K Vivid 108 cm (43 inch) 4K Ultra HD LED Tizen TV with Crystal Processor 4K,Samsung,44900.0,32990.0,4.0,1,1,https://www.croma.com/samsung-crystal-4k-vivid-108-cm-43-inch-4k-ultra-hd-led-tizen-tv-with-crystal-processor-4k/p/306175
5,TCL P71B Pro 164 cm (65 inch) 4K Ultra HD QLED Google TV with Dolby Vision & Dolby Atmos( 2024 Model),Tcl,128990.0,56990.0,0.0,0,0,https://www.croma.com/tcl-p71b-pro-164-cm-65-inch-4k-ultra-hd-qled-google-tv-with-dolby-vision-dolby-atmos-2024-model-/p/308006
6,TCL V6B 139 cm (55 inch) 4K Ultra HD LED Google TV with Dolby Audio( 2024 Model),Tcl,77990.0,34990.0,0.0,0,0,https://www.croma.com/tcl-v6b-139-cm-55-inch-4k-ultra-hd-led-google-tv-with-dolby-audio-2024-model-/p/307879
7,TOSHIBA C450ME 108 cm (43 inch) 4K Ultra HD QLED TV with with Dolby Vision & Dolby Atmos( 2024  model),Toshiba,46999.0,26999.0,0.0,0,0,https://www.croma.com/toshiba-c450me-108-cm-43-inch-4k-ultra-hd-qled-tv-with-with-dolby-vision-dolby-atmos-2024-model-/p/307480
8,LG UQ7500 139 cm (55 inch) 4K Ultra HD LED WebOS TV with AI Brightness & 4K Upscaling,Lg,71990.0,43990.0,2.1111111111,9,7,https://www.croma.com/lg-uq7500-139-cm-55-inch-4k-ultra-hd-led-webos-tv-with-ai-brightness-4k-upscaling/p/274581
9,TOSHIBA C350NP 127 cm (50 inch) 4K Ultra HD LED Google TV with Regza Engine 4K (2024 model),Toshiba,54999.0,31999.0,0.0,0,0,https://www.croma.com/toshiba-c350np-127-cm-50-inch-4k-ultra-hd-led-google-tv-with-regza-engine-4k-2024-model-/p/307658
10,SAMSUNG Crystal 4K Vivid 164 cm (65 inch) 4K Ultra HD LED Tizen TV with Crystal Processor 4K,Samsung,94900.0,66990.0,0.0,0,0,https://www.croma.com/samsung-crystal-4k-vivid-164-cm-65-inch-4k-ultra-hd-led-tizen-tv-with-crystal-processor-4k/p/305598
11,SONY Bravia 2 139.7 cm (55 inch) 4K Ultra HD Google TV with Live Colour Technology (2024 model),Sony,99900.0,66390.0,5.0,2,1,https://www.croma.com/sony-bravia-2-139-7-cm-55-inch-4k-ultra-hd-google-tv-with-live-colour-technology-2024-model-/p/307061
12,BLAUPUNKT 55QD7020 139 cm (55 inch) QLED 4K Ultra HD Google TV with Quantum Dot Technology (2022 model),Blaupunkt,59999.0,31999.0,5.0,6,5,https://www.croma.com/blaupunkt-55qd7020-139-cm-55-inch-qled-4k-ultra-hd-google-tv-with-quantum-dot-technology-2022-model-/p/303336
13,LG UQ7500 108 cm (43 inch) 4K Ultra HD LED WebOS TV with Gen5 AI Processor 4K,Lg,49990.0,32990.0,2.5555555556,9,7,https://www.croma.com/lg-uq7500-108-cm-43-inch-4k-ultra-hd-led-webos-tv-with-gen5-ai-processor-4k/p/274582
14,acer Advanced I Series 127 cm (50 inch) 4K Ultra HD LED Google TV with Dolby Vision (2023 model),Acer,49999.0,29999.0,3.9047619048,21,16,https://www.croma.com/acer-advanced-i-series-127-cm-50-inch-4k-ultra-hd-led-google-tv-with-dolby-vision-2023-model-/p/274276
15,SAMSUNG Crystal 4K Vivid 138 cm (55 inch) 4K Ultra HD LED Tizen TV with Crystal Processor 4K,Samsung,64900.0,46990.0,0.0,0,0,https://www.croma.com/samsung-crystal-4k-vivid-138-cm-55-inch-4k-ultra-hd-led-tizen-tv-with-crystal-processor-4k/p/306173
16,Croma 43UGC024601 109 cm (43 inch) 4K Ultra HD LED Google TV with Bezel Less Display,Croma,39000.0,25490.0,4.2857142857,7,5,https://www.croma.com/croma-43ugc024601-109-cm-43-inch-4k-ultra-hd-led-google-tv-with-bezel-less-display/p/273358
17,TCL P655 140 cm (55 inch) 4K Ultra HD LED Google TV with Dolby Audio (2024 model),Tcl,78990.0,34990.0,0.0,0,0,https://www.croma.com/tcl-p655-140-cm-55-inch-4k-ultra-hd-led-google-tv-with-dolby-audio-2024-model-/p/306598
18,SONY Bravia 2 127 cm (50 inch) 4K Ultra HD LED Google TV with Live Colour Technology (2024 model),Sony,79900.0,55990.0,0.0,0,0,https://www.croma.com/sony-bravia-2-127-cm-50-inch-4k-ultra-hd-led-google-tv-with-live-colour-technology-2024-model-/p/307953
19,TOSHIBA C450 139 cm (55 inch) 4K Ultra HD QLED VIDAA TV with Dolby Vision and Dolby Atmos,Toshiba,69999.0,38999.0,0.0,0,0,https://www.croma.com/toshiba-c450-139-cm-55-inch-4k-ultra-hd-qled-vidaa-tv-with-dolby-vision-and-dolby-atmos/p/307656
20,Croma 55UGD307601 140 cm (55 inch) LED 4K Ultra HD Google TV with Dolby Vision,Croma,76500.0,39990.0,0.0,0,0,https://www.croma.com/croma-55ugd307601-140-cm-55-inch-led-4k-ultra-hd-google-tv-with-dolby-vision/p/304492
21,TCL C Series 140 cm (55 inch) QLED 4K Ultra HD Google TV with Dolby Vision (2024 model),Tcl,121990.0,41990.0,3.0,2,2,https://www.croma.com/tcl-c-series-140-cm-55-inch-qled-4k-ultra-hd-google-tv-with-dolby-vision-2024-model-/p/306525
22,TOSHIBA C350MP 139 cm (55 inch) 4K Ultra HD LED Google TV with Regza Engine 4K,Toshiba,59990.0,36999.0,0.0,0,0,https://www.croma.com/toshiba-c350mp-139-cm-55-inch-4k-ultra-hd-led-google-tv-with-regza-engine-4k/p/305929
23,Xiaomi X Series 165.1 cm (65 inch) 4K Ultra HD LED Google TV with Dolby Vision and Dolby Audio (2023 model),Xiaomi,89999.0,58999.0,0.0,0,0,https://www.croma.com/xiaomi-x-series-165-1-cm-65-inch-4k-ultra-hd-led-google-tv-with-dolby-vision-and-dolby-audio-2023-model-/p/302099
24,Croma 165 cm (65 inch) 4K Ultra HD LED Google TV with Bezel Less Display (2023 model),Croma,104000.0,55990.0,0.0,0,0,https://www.croma.com/croma-165-cm-65-inch-4k-ultra-hd-led-google-tv-with-bezel-less-display-2023-model-/p/273731
25,SAMSUNG CUE60 108 cm (43 inch) 4K Ultra HD LED Tizen TV with Crystal Processor 4K (2023 model),Samsung,52900.0,30990.0,2.8333333333,12,5,https://www.croma.com/samsung-cue60-108-cm-43-inch-4k-ultra-hd-led-tizen-tv-with-crystal-processor-4k-2023-model-/p/274146
26,SONY Bravia 2 109 cm (43 inch) 4K Ultra HD LED Google TV with Dolby Audio( 2024 Model),Sony,59990.0,42740.0,0.0,0,0,https://www.croma.com/sony-bravia-2-109-cm-43-inch-4k-ultra-hd-led-google-tv-with-dolby-audio-2024-model-/p/307918
27,SONY Bravia 2 165.1 cm (65 inch) 4K Ultra HD Google TV with Live Colour Technology (2024 model),Sony,139900.0,89290.0,0.0,0,0,https://www.croma.com/sony-bravia-2-165-1-cm-65-inch-4k-ultra-hd-google-tv-with-live-colour-technology-2024-model-/p/307060
28,BLAUPUNKT CyberSound G2 139 cm (55 inch) LED 4K Ultra HD Google TV with Dolby Vision and Dolby Atmos (2023 model),Blaupunkt,46999.0,29999.0,3.6666666667,6,3,https://www.croma.com/blaupunkt-cybersound-g2-139-cm-55-inch-led-4k-ultra-hd-google-tv-with-dolby-vision-and-dolby-atmos-2023-model-/p/303332
29,LG QNED83 139 cm (55 inch) QNED 4K Ultra HD WebOS TV with AI Picture Pro (2024 model),Lg,159990.0,79990.0,0.0,0,0,https://www.croma.com/lg-qned83-139-cm-55-inch-qned-4k-ultra-hd-webos-tv-with-ai-picture-pro-2024-model-/p/303778
30,Croma 50UGC024602 127 cm (50 inch) 4K Ultra HD LED Google TV with Dolby Audio,Croma,45500.0,34990.0,3.5,6,2,https://www.croma.com/croma-50ugc024602-127-cm-50-inch-4k-ultra-hd-led-google-tv-with-dolby-audio/p/301716
31,TOSHIBA C350NP 139 cm (55 inch) 4K Ultra HD LED Google TV with Regza Engine 4K(2024 model) ,Toshiba,59999.0,35999.0,0.0,0,0,https://www.croma.com/toshiba-c350np-139-cm-55-inch-4k-ultra-hd-led-google-tv-with-regza-engine-4k-2024-model-/p/307659
32,LG UT80 109.22 cm (43 inch) 4K Ultra HD LED WebOS TV with Filmmaker Mode (2024 model),Lg,60990.0,39990.0,0.0,0,0,https://www.croma.com/lg-ut80-109-22-cm-43-inch-4k-ultra-hd-led-webos-tv-with-filmmaker-mode-2024-model-/p/306829
33,acer Advanced I Series 109 cm (43 inch) 4K Ultra HD LED Google TV with Dolby Vision and Dolby Audio (2023 model),Acer,39999.0,24999.0,3.4666666667,15,11,https://www.croma.com/acer-advanced-i-series-109-cm-43-inch-4k-ultra-hd-led-google-tv-with-dolby-vision-and-dolby-audio-2023-model-/p/274275
34,TCL C655 127 cm (50 inch) QLED 4K Ultra HD Google TV with Dolby Vision (2024 model),Tcl,114990.0,35990.0,5.0,1,1,https://www.croma.com/tcl-c655-127-cm-50-inch-qled-4k-ultra-hd-google-tv-with-dolby-vision-2024-model-/p/306518
35,BLAUPUNKT CyberSound G2 126 cm (50 inch) LED 4K Ultra HD Google TV with Dolby Vision and Dolby Atmos (2023 model),Blaupunkt,41999.0,26999.0,4.0,5,4,https://www.croma.com/blaupunkt-cybersound-g2-126-cm-50-inch-led-4k-ultra-hd-google-tv-with-dolby-vision-and-dolby-atmos-2023-model-/p/303331
36,LG UT80 139.7 cm (55 inch) LED 4K Ultra HD WebOS TV with Filmmaker Mode (2024 model),Lg,89990.0,54990.0,0.0,0,0,https://www.croma.com/lg-ut80-139-7-cm-55-inch-led-4k-ultra-hd-webos-tv-with-filmmaker-mode-2024-model-/p/306824
37,SONY Bravia 3 165 cm (65 inch) LCD 4K Ultra HD Google TV with Live Colour Technology (2024 model),Sony,164900.0,113990.0,0.0,0,0,https://www.croma.com/sony-bravia-3-165-cm-65-inch-lcd-4k-ultra-hd-google-tv-with-live-colour-technology-2024-model-/p/308093
38,SONY Bravia 3 139 cm (55 inch) LED 4K Ultra HD Google TV with Dolby Vision & Dolby Atmos (2024 model),Sony,129900.0,86440.0,0.0,0,0,https://www.croma.com/sony-bravia-3-139-cm-55-inch-led-4k-ultra-hd-google-tv-with-dolby-vision-dolby-atmos-2024-model-/p/308065
39,SAMSUNG DU7000 Series 108 cm (43 inch) 4K Ultra HD LED Tizen TV with UHD Dimming (2024 model),Samsung,45900.0,35990.0,0.0,0,0,https://www.croma.com/samsung-du7000-series-108-cm-43-inch-4k-ultra-hd-led-tizen-tv-with-uhd-dimming-2024-model-/p/305647
40,LG UQ73 108 cm (43 inch) 4K Ultra HD LED WebOS TV with Gen5 AI Processor,Lg,58990.0,35490.0,4.0,1,1,https://www.croma.com/lg-uq73-108-cm-43-inch-4k-ultra-hd-led-webos-tv-with-gen5-ai-processor/p/273616
41,LG evo C4 164 cm (65 inch) OLED 4K Ultra HD WebOS TV with Dolby Vision and Atmos (2024 model),Lg,335990.0,220990.0,0.0,0,0,https://www.croma.com/lg-evo-c4-164-cm-65-inch-oled-4k-ultra-hd-webos-tv-with-dolby-vision-and-atmos-2024-model-/p/306906
42,Croma 50UGC024601 127 cm (50 inch) 4K Ultra HD LED Google TV with Bezel Less Display,Croma,45500.0,33990.0,0.0,0,0,https://www.croma.com/croma-50ugc024601-127-cm-50-inch-4k-ultra-hd-led-google-tv-with-bezel-less-display/p/273359
43,SONY Bravia 2 109 cm (43 inch) 4K Ultra HD LED Google TV with Dolby Audio (2024 Model) ,Sony,69900.0,45590.0,0.0,0,0,https://www.croma.com/sony-bravia-2-109-cm-43-inch-4k-ultra-hd-led-google-tv-with-dolby-audio-2024-model-/p/307919
44,Croma 55UGC024602 140 cm (55 inch) 4K Ultra HD LED Google TV with Dolby Audio,Croma,77000.0,37990.0,3.8,5,1,https://www.croma.com/croma-55ugc024602-140-cm-55-inch-4k-ultra-hd-led-google-tv-with-dolby-audio/p/301719
45,TCL V6B 189 cm (75 inch) 4K Ultra HD LED Google TV with Dolby Audio( 2024 Model),Tcl,254990.0,68990.0,0.0,0,0,https://www.croma.com/tcl-v6b-189-cm-75-inch-4k-ultra-hd-led-google-tv-with-dolby-audio-2024-model-/p/308010
46,iFFALCON U62 139.7 cm (55 inch) LED 4K Ultra HD Google TV with Dolby Audio (2022 model),Iffalcon,73990.0,28999.0,0.0,0,0,https://www.croma.com/iffalcon-u62-139-7-cm-55-inch-led-4k-ultra-hd-google-tv-with-dolby-audio-2022-model-/p/305232
47,BLAUPUNKT 50QD7010 126 cm (50 inch) QLED 4K Ultra HD Google TV with Dolby Vision and Dolby Atmos (2022 model),Blaupunkt,49999.0,27999.0,4.0769230769,13,12,https://www.croma.com/blaupunkt-50qd7010-126-cm-50-inch-qled-4k-ultra-hd-google-tv-with-dolby-vision-and-dolby-atmos-2022-model-/p/303335
48,SAMSUNG DU7660 127 cm (50 inch) 4K Ultra HD LED Tizen TV with Motion Xcelerator (2024 model),Samsung,58900.0,48990.0,0.0,0,0,https://www.croma.com/samsung-du7660-127-cm-50-inch-4k-ultra-hd-led-tizen-tv-with-motion-xcelerator-2024-model-/p/305650
49,Croma CREL043UTC024601 109 cm (43 inch) 4K Ultra HD LED Tizen TV with Dolby Audio (2024 model),Croma,39000.0,25490.0,0.0,0,0,https://www.croma.com/croma-crel043utc024601-109-cm-43-inch-4k-ultra-hd-led-tizen-tv-with-dolby-audio-2024-model-/p/306788
50,iFFALCON Q73 126 cm (50 inch) 4K Ultra HD QLED Google TV with Dolby Audio (2023 model),Iffalcon,112990.0,28999.0,4.0,1,1,https://www.croma.com/iffalcon-q73-126-cm-50-inch-4k-ultra-hd-qled-google-tv-with-dolby-audio-2023-model-/p/307880
51,Hisense Q6N 108 cm (43 inch) QLED 4K Ultra HD Google TV with Dolby Vision and Dolby Atmos (2024 model),Hisense,54999.0,30999.0,0.0,0,0,https://www.croma.com/hisense-q6n-108-cm-43-inch-qled-4k-ultra-hd-google-tv-with-dolby-vision-and-dolby-atmos-2024-model-/p/307222
52,SONY 165 cm (65 inch) LED 4K Ultra HD Google TV with Dolby Atmos,Sony,229900.0,156740.0,0.0,0,0,https://www.croma.com/sony-165-cm-65-inch-led-4k-ultra-hd-google-tv-with-dolby-atmos/p/273991
53,SAMSUNG DU7000 Series 138 cm (55 inch) 4K Ultra HD LED Tizen TV with UHD Dimming,Samsung,66900.0,53990.0,0.0,0,0,https://www.croma.com/samsung-du7000-series-138-cm-55-inch-4k-ultra-hd-led-tizen-tv-with-uhd-dimming/p/305676
54,SONY X64L 108 cm (43 inch) 4K Ultra HD LED Google TV with 4K Processor X1 (2023 Model),Sony,59900.0,38990.0,4.2307692308,13,10,https://www.croma.com/sony-x64l-108-cm-43-inch-4k-ultra-hd-led-google-tv-with-4k-processor-x1-2023-model-/p/273157
55,TCL V6B 127 cm (50 inch) 4K Ultra HD LED Google TV with Dolby Audio( 2024 Model),Tcl,64990.0,31990.0,0.0,0,0,https://www.croma.com/tcl-v6b-127-cm-50-inch-4k-ultra-hd-led-google-tv-with-dolby-audio-2024-model-/p/307878
56,KODAK CA-Pro 126 cm (50 inch) 4K Ultra HD LED Google TV with Dolby Vision and Dolby Atmos,Kodak,41999.0,25999.0,5.0,9,4,https://www.croma.com/kodak-ca-pro-126-cm-50-inch-4k-ultra-hd-led-google-tv-with-dolby-vision-and-dolby-atmos/p/274377
57,SAMSUNG DU7700 Series 139.7 cm (55 inch) 4K Ultra HD LED Tizen TV with Motion Xcelerator (2024 model),Samsung,72900.0,59490.0,0.0,0,0,https://www.croma.com/samsung-du7700-series-139-7-cm-55-inch-4k-ultra-hd-led-tizen-tv-with-motion-xcelerator-2024-model-/p/305664
58,SONY BRAVIA 3 189 cm (75 inch) 4K Ultra HD Google TV with Dolby Vision & Dolby Atmos (2024 model),Sony,269900.0,166240.0,0.0,0,0,https://www.croma.com/sony-bravia-3-189-cm-75-inch-4k-ultra-hd-google-tv-with-dolby-vision-dolby-atmos-2024-model-/p/308865
59,TCL C755 140 cm (55 inch) Mini LED 4K Ultra HD Google TV with Dolby Vision and Dolby Atmos (2023 model),Tcl,169990.0,69990.0,0.0,0,0,https://www.croma.com/tcl-c755-140-cm-55-inch-mini-led-4k-ultra-hd-google-tv-with-dolby-vision-and-dolby-atmos-2023-model-/p/303001
60,Hisense E7K Pro 139 cm (55 inch) QLED 4K Ultra HD VIDAA TV with Dolby Vision and Dolby Atmos (2023 model),Hisense,79999.0,44999.0,0.0,0,0,https://www.croma.com/hisense-e7k-pro-139-cm-55-inch-qled-4k-ultra-hd-vidaa-tv-with-dolby-vision-and-dolby-atmos-2023-model-/p/305413
61,LG evo C4 139 cm (55 inch) OLED 4K Ultra HD WebOS TV with Dolby Vision and Atmos (2024 model),Lg,230990.0,181990.0,0.0,0,0,https://www.croma.com/lg-evo-c4-139-cm-55-inch-oled-4k-ultra-hd-webos-tv-with-dolby-vision-and-atmos-2024-model-/p/306826
62,Xiaomi X Pro Series 108 cm (43 inch) 4K Ultra HD LED Google TV with Dolby Vision and Dolby Atmos,Xiaomi,49999.0,30999.0,3.0,2,1,https://www.croma.com/xiaomi-x-pro-series-108-cm-43-inch-4k-ultra-hd-led-google-tv-with-dolby-vision-and-dolby-atmos/p/271809
63,SAMSUNG Crystal 4K 138 cm (55 inch) 4K Ultra HD LED Tizen Smart TV (2021 model),Samsung,69900.0,36990.0,3.0,6,6,https://www.croma.com/samsung-crystal-4k-138-cm-55-inch-4k-ultra-hd-led-tizen-smart-tv-2021-model-/p/252331
64,Haier S800QT 109 cm (43 inch) 4K Ultra HD QLED Google TV with Dolby Vision & Dolby Atmos,Haier,60990.0,38990.0,0.0,0,0,https://www.croma.com/haier-s800qt-109-cm-43-inch-4k-ultra-hd-qled-google-tv-with-dolby-vision-dolby-atmos/p/307622
65,SONY X90L 139 cm (55 inch) 4K Ultra HD LED Google TV with Cognitive Processor XR (2023 Model),Sony,169900.0,116840.0,0.0,0,0,https://www.croma.com/sony-x90l-139-cm-55-inch-4k-ultra-hd-led-google-tv-with-cognitive-processor-xr-2023-model-/p/274278
66,LG UT80 190.5 cm (75 inch) 4K Ultra HD LED WebOS TV with Filmmaker Mode (2024 model),Lg,235990.0,119990.0,0.0,0,0,https://www.croma.com/lg-ut80-190-5-cm-75-inch-4k-ultra-hd-led-webos-tv-with-filmmaker-mode-2024-model-/p/306903
67,LG UT80 165.1 cm (65 inch) 4K Ultra HD LED WebOS TV with Filmmaker Mode (2024 model),Lg,131990.0,78990.0,0.0,0,0,https://www.croma.com/lg-ut80-165-1-cm-65-inch-4k-ultra-hd-led-webos-tv-with-filmmaker-mode-2024-model-/p/306905
68,BLAUPUNKT 65QD7030 164 cm (65 inch) QLED 4K Ultra HD Google TV with Quantum Dot Technology (2022 model),Blaupunkt,84999.0,46999.0,3.5,6,4,https://www.croma.com/blaupunkt-65qd7030-164-cm-65-inch-qled-4k-ultra-hd-google-tv-with-quantum-dot-technology-2022-model-/p/303337
69,Croma 140 cm (55 inch) 4K Ultra HD LED Google TV with Bezel Less Display,Croma,53500.0,38990.0,3.0,2,2,https://www.croma.com/croma-140-cm-55-inch-4k-ultra-hd-led-google-tv-with-bezel-less-display/p/273730
70,Croma CREL075UGC024602 190 cm (75 inch) QLED 4K Ultra HD Google TV with Dolby Vision & Dolby Atmos (2024 model),Croma,100000.0,99990.0,0.0,0,0,https://www.croma.com/croma-crel075ugc024602-190-cm-75-inch-qled-4k-ultra-hd-google-tv-with-dolby-vision-dolby-atmos-2024-model-/p/306759
71,SAMSUNG DU7700 Series 108 cm (43 inch) 4K Ultra HD LED Tizen TV with Motion Xcelerator (2024 model),Samsung,51400.0,41740.0,0.0,0,0,https://www.croma.com/samsung-du7700-series-108-cm-43-inch-4k-ultra-hd-led-tizen-tv-with-motion-xcelerator-2024-model-/p/305634
72,LG UT80 127 cm (50 inch) LED 4K Ultra HD WebOS TV with Filmmaker Mode (2024 model),Lg,76990.0,53990.0,0.0,0,0,https://www.croma.com/lg-ut80-127-cm-50-inch-led-4k-ultra-hd-webos-tv-with-filmmaker-mode-2024-model-/p/306825
73,TCL P755 Pro 189 cm (75 inch) 4K UHD  QLED Smart Google TV with Dolby Atmos (2024 model),Tcl,259990.0,69990.0,3.0,1,1,https://www.croma.com/tcl-p755-pro-189-cm-75-inch-4k-uhd-qled-smart-google-tv-with-dolby-atmos-2024-model-/p/306528
74,SAMSUNG DU8300 138 cm (55 inch) 4K Ultra HD LED Tizen TV with Dynamic Crystal Color,Samsung,78900.0,64490.0,0.0,0,0,https://www.croma.com/samsung-du8300-138-cm-55-inch-4k-ultra-hd-led-tizen-tv-with-dynamic-crystal-color/p/305663
75,Acer Frameless 108 cm (43 inch) 4K Ultra HD LED Android TV with Google Assistant,Acer,31990.0,23999.0,5.0,5,4,https://www.croma.com/acer-frameless-108-cm-43-inch-4k-ultra-hd-led-android-tv-with-google-assistant/p/249507
76,KODAK Matrix 126 cm (50 inch) QLED 4K Ultra HD Google TV with DTS TruSurround Technology (2022 model),Kodak,49999.0,26499.0,5.0,2,2,https://www.croma.com/kodak-matrix-126-cm-50-inch-qled-4k-ultra-hd-google-tv-with-dts-trusurround-technology-2022-model-/p/267683
77,iFFALCON U62 126 cm (50 inch) 4K Ultra HD LED Google TV with Dolby Audio (2023 model),Iffalcon,60990.0,25999.0,3.0,1,1,https://www.croma.com/iffalcon-u62-126-cm-50-inch-4k-ultra-hd-led-google-tv-with-dolby-audio-2023-model-/p/301403
78,Haier S800QT 140 cm (55 inch) 4K Ultra HD QLED Google TV with Dolby Vision & Dolby Atmos,Haier,110990.0,57990.0,0.0,0,0,https://www.croma.com/haier-s800qt-140-cm-55-inch-4k-ultra-hd-qled-google-tv-with-dolby-vision-dolby-atmos/p/307619
79,iFFALCON U62 108 cm (43 inch) 4K Ultra HD LED Google TV with Dolby Audio (2022 model),Iffalcon,49990.0,18999.0,5.0,1,1,https://www.croma.com/iffalcon-u62-108-cm-43-inch-4k-ultra-hd-led-google-tv-with-dolby-audio-2022-model-/p/305123
80,Hisense A65N 139 cm (55 inch) LED 4K Ultra HD Google TV with Dolby Vision and Dolby Digital (2024 model),Hisense,64999.0,39999.0,0.0,0,0,https://www.croma.com/hisense-a65n-139-cm-55-inch-led-4k-ultra-hd-google-tv-with-dolby-vision-and-dolby-digital-2024-model-/p/307974
81,SAMSUNG Crystal 4K 163 cm (65 inch) 4K Ultra HD LED Tizen TV (2021 model),Samsung,116900.0,69990.0,0.0,0,0,https://www.croma.com/samsung-crystal-4k-163-cm-65-inch-4k-ultra-hd-led-tizen-tv-2021-model-/p/252332
82,TCL P755 127 cm (50 inch) 4K Ultra HD LED Google TV with Dolby Vision and Dolby Atmos (2024 model),Tcl,66990.0,33990.0,0.0,0,0,https://www.croma.com/tcl-p755-127-cm-50-inch-4k-ultra-hd-led-google-tv-with-dolby-vision-and-dolby-atmos-2024-model-/p/306517
83,Xiaomi X Pro Series 127 cm (50 inch) 4K Ultra HD LED Google TV with Bezel Less Display (2023 model),Xiaomi,59999.0,39999.0,0.0,0,0,https://www.croma.com/xiaomi-x-pro-series-127-cm-50-inch-4k-ultra-hd-led-google-tv-with-bezel-less-display-2023-model-/p/272246
84,Acer Frameless 140 cm (55 inch) 4K Ultra HD LED Android TV with Google Assistant (2021 model),Acer,54990.0,34999.0,5.0,1,1,https://www.croma.com/acer-frameless-140-cm-55-inch-4k-ultra-hd-led-android-tv-with-google-assistant-2021-model-/p/246908
85,LG QNED82T 139.7 cm (55 inch) QNED 4K Ultra HD WebOS TV with AI Picture Pro (2024 model),Lg,125990.0,74990.0,0.0,0,0,https://www.croma.com/lg-qned82t-139-7-cm-55-inch-qned-4k-ultra-hd-webos-tv-with-ai-picture-pro-2024-model-/p/307987
86,SAMSUNG Crystal 4K 125 cm (50 inch) 4K Ultra HD LED Tizen TV (2021 model),Samsung,68400.0,34990.0,1.0,2,2,https://www.croma.com/samsung-crystal-4k-125-cm-50-inch-4k-ultra-hd-led-tizen-tv-2021-model-/p/252330
87,KODAK Matrix 139 cm (55 inch) QLED 4K Ultra HD Google TV with DTS TruSurround Technology (2022 model),Kodak,59999.0,30999.0,4.5555555556,9,7,https://www.croma.com/kodak-matrix-139-cm-55-inch-qled-4k-ultra-hd-google-tv-with-dts-trusurround-technology-2022-model-/p/267684
88,SONY X80L 108 cm (43 inch) 4K Ultra HD LED Google TV with X-Reality PRO (2023 model),Sony,99900.0,64590.0,0.0,0,0,https://www.croma.com/sony-x80l-108-cm-43-inch-4k-ultra-hd-led-google-tv-with-x-reality-pro-2023-model-/p/271808
89,LG UT80 177.8 cm (70 inch) 4K Ultra HD LED WebOS TV with Filmmaker Mode (2024 model),Lg,173990.0,93990.0,0.0,0,0,https://www.croma.com/lg-ut80-177-8-cm-70-inch-4k-ultra-hd-led-webos-tv-with-filmmaker-mode-2024-model-/p/306904
90,LG evo G4 139.7 cm (55 inch) OLED 4K Ultra HD WebOS TV with Dolby Atmos (2024 model),Lg,267990.0,212990.0,0.0,0,0,https://www.croma.com/lg-evo-g4-139-7-cm-55-inch-oled-4k-ultra-hd-webos-tv-with-dolby-atmos-2024-model-/p/307989
91,SAMSUNG DU7700 Series 189 cm (75 inch) 4K Ultra HD LED Tizen TV with Crystal Processor 4K,Samsung,142900.0,119990.0,0.0,0,0,https://www.croma.com/samsung-du7700-series-189-cm-75-inch-4k-ultra-hd-led-tizen-tv-with-crystal-processor-4k/p/305594
92,Haier P7 Series 109 cm (43 inch) 4K Ultra HD LED Google TV with Dolby Vision & Dolby Atmos,Haier,51990.0,33990.0,0.0,0,0,https://www.croma.com/haier-p7-series-109-cm-43-inch-4k-ultra-hd-led-google-tv-with-dolby-vision-dolby-atmos/p/307620
93,acer I Series 126 cm (50 inch) 4K Ultra HD LED Android TV with Google Assistant (2022 model),Acer,40990.0,28999.0,4.2564102564,39,37,https://www.croma.com/acer-i-series-126-cm-50-inch-4k-ultra-hd-led-android-tv-with-google-assistant-2022-model-/p/255844
94,SAMSUNG DU8300 125 cm (50 inch) 4K Ultra HD LED Tizen TV with Dynamic Crystal Color (2024 model),Samsung,64900.0,54990.0,0.0,0,0,https://www.croma.com/samsung-du8300-125-cm-50-inch-4k-ultra-hd-led-tizen-tv-with-dynamic-crystal-color-2024-model-/p/305842
95,Haier P7 Series 140 cm (55 inch) 4K Ultra HD LED Google TV with Dolby Vision & Dolby Atmos,Haier,71990.0,47490.0,0.0,0,0,https://www.croma.com/haier-p7-series-140-cm-55-inch-4k-ultra-hd-led-google-tv-with-dolby-vision-dolby-atmos/p/307618
96,SAMSUNG DU8300 108 cm (43 inch) 4K Ultra HD LED Tizen TV with Dynamic Crystal Color,Samsung,53900.0,44740.0,0.0,0,0,https://www.croma.com/samsung-du8300-108-cm-43-inch-4k-ultra-hd-led-tizen-tv-with-dynamic-crystal-color/p/305633
97,Xiaomi X Pro Series 139 cm (55 inch) 4K Ultra HD LED Google TV with Dolby Vision & Dolby Atmos,Xiaomi,69999.0,45999.0,0.0,0,0,https://www.croma.com/xiaomi-x-pro-series-139-cm-55-inch-4k-ultra-hd-led-google-tv-with-dolby-vision-dolby-atmos/p/272247
98,SAMSUNG DU7000 Series 163 cm (65 inch) 4K Ultra HD LED Tizen TV with Motion Xcelerator,Samsung,93900.0,79990.0,0.0,0,0,https://www.croma.com/samsung-du7000-series-163-cm-65-inch-4k-ultra-hd-led-tizen-tv-with-motion-xcelerator/p/305661
99,Panasonic MX Series 108 cm (43 inch) 4K Ultra HD LED Google TV with Audio Booster Plus Speaker,Panasonic,49990.0,37290.0,0.0,0,0,https://www.croma.com/panasonic-mx-series-108-cm-43-inch-4k-ultra-hd-led-google-tv-with-audio-booster-plus-speaker/p/273071
100,TCL C755 165 cm (65 inch) Mini LED 4K Ultra HD Google TV with Dolby Vision and Dolby Atmos (2023 model),Tcl,229990.0,99990.0,0.0,0,0,https://www.croma.com/tcl-c755-165-cm-65-inch-mini-led-4k-ultra-hd-google-tv-with-dolby-vision-and-dolby-atmos-2023-model-/p/303002
101,Hisense U6N Pro 139 cm (55 inch) 4K Ultra HD Mini LED VIDAA TV with Dolby Vision & Dolby Atmos,Hisense,89999.0,54999.0,0.0,0,0,https://www.croma.com/hisense-u6n-pro-139-cm-55-inch-4k-ultra-hd-mini-led-vidaa-tv-with-dolby-vision-dolby-atmos/p/307975
102,SAMSUNG DU7660 109.2 cm (43 inch) 4K Ultra HD LED Tizen TV with Motion Xcelerator (2024 model),Samsung,48900.0,38740.0,0.0,0,0,https://www.croma.com/samsung-du7660-109-2-cm-43-inch-4k-ultra-hd-led-tizen-tv-with-motion-xcelerator-2024-model-/p/305646
103,SAMSUNG DU9000 Series 249 cm (98 inch) LED 4K Ultra HD Tizen TV with Motion Xcelerator,Samsung,649900.0,499990.0,0.0,0,0,https://www.croma.com/samsung-du9000-series-249-cm-98-inch-led-4k-ultra-hd-tizen-tv-with-motion-xcelerator/p/306398
104,LG QNED82T 109.22 cm (43 inch) 4K Ultra HD QNED Web OS TV with AI Processor 4K Gen7 (2024 model),Lg,74990.0,56790.0,0.0,0,0,https://www.croma.com/lg-qned82t-109-22-cm-43-inch-4k-ultra-hd-qned-web-os-tv-with-ai-processor-4k-gen7-2024-model-/p/307623
105,Croma CREL075UGB024601 190 cm (75 inch) 4K Ultra HD Mini LED Google TV with Dolby Vision IQ and Dolby Atmos,Croma,200000.0,139990.0,0.0,0,0,https://www.croma.com/croma-crel075ugb024601-190-cm-75-inch-4k-ultra-hd-mini-led-google-tv-with-dolby-vision-iq-and-dolby-atmos/p/302234
106,BLAUPUNKT CyberSound G2 164 cm (65 inch) LED 4K Ultra HD Google TV with Dolby Vision and Dolby Atmos (2023 model),Blaupunkt,69999.0,39999.0,0.0,0,0,https://www.croma.com/blaupunkt-cybersound-g2-164-cm-65-inch-led-4k-ultra-hd-google-tv-with-dolby-vision-and-dolby-atmos-2023-model-/p/303333
107,SONY BRAVIA 9 215 cm (85 inch) LED 4K Ultra HD Mini Google TV with Dolby Vision & Dolby Atmos (2024 model) ,Sony,899900.0,569990.0,0.0,0,0,https://www.croma.com/sony-bravia-9-215-cm-85-inch-led-4k-ultra-hd-mini-google-tv-with-dolby-vision-dolby-atmos-2024-model-/p/309227
108,SAMSUNG DU8300 163 cm (65 inch) 4K Ultra HD LED Tizen TV with Dynamic Crystal Color (2024 model),Samsung,106900.0,90990.0,0.0,0,0,https://www.croma.com/samsung-du8300-163-cm-65-inch-4k-ultra-hd-led-tizen-tv-with-dynamic-crystal-color-2024-model-/p/305599
109,LG evo G4 165.1 cm (65 inch) OLED 4K Ultra HD WebOS TV with Dolby Atmos (2024 model),Lg,419990.0,264990.0,0.0,0,0,https://www.croma.com/lg-evo-g4-165-1-cm-65-inch-oled-4k-ultra-hd-webos-tv-with-dolby-atmos-2024-model-/p/307485
110,LG UT90 165.1 cm (65 inch) 4K Ultra HD LED WebOS TV with Filmmaker Mode (2024 model),Lg,136990.0,85990.0,0.0,0,0,https://www.croma.com/lg-ut90-165-1-cm-65-inch-4k-ultra-hd-led-webos-tv-with-filmmaker-mode-2024-model-/p/306902
111,LG QNED82T 127 cm (50 inch) QNED 4K Ultra HD WebOS TV with AI Picture Pro (2024 model),Lg,89990.0,66490.0,0.0,0,0,https://www.croma.com/lg-qned82t-127-cm-50-inch-qned-4k-ultra-hd-webos-tv-with-ai-picture-pro-2024-model-/p/307988
112,SONY BRAVIA 9 189 cm (75 inch) LED 4K Ultra HD Mini Google TV with Dolby Vision & Dolby Atmos (2024 model),Sony,649900.0,427490.0,0.0,0,0,https://www.croma.com/sony-bravia-9-189-cm-75-inch-led-4k-ultra-hd-mini-google-tv-with-dolby-vision-dolby-atmos-2024-model-/p/309224
113,LG evo C4 121 cm (48 inch) OLED 4K Ultra HD WebOS TV with Dolby Vision and Atmos (2024 model),Lg,162990.0,123990.0,0.0,0,0,https://www.croma.com/lg-evo-c4-121-cm-48-inch-oled-4k-ultra-hd-webos-tv-with-dolby-vision-and-atmos-2024-model-/p/306827
114,LG UR75 108 cm (43 inch) 4K Ultra HD LED WebOS TV with Gen5 AI Processor 4K,Lg,52990.0,39990.0,0.0,0,0,https://www.croma.com/lg-ur75-108-cm-43-inch-4k-ultra-hd-led-webos-tv-with-gen5-ai-processor-4k/p/274893
115,LG NANO80 Nano Cell 139.7 cm (55 inch) 4K Ultra HD LED WebOS TV with AI Customization (2024 model),Lg,109990.0,75990.0,0.0,0,0,https://www.croma.com/lg-nano80-nano-cell-139-7-cm-55-inch-4k-ultra-hd-led-webos-tv-with-ai-customization-2024-model-/p/306828
116,LG NANO80 Nano Cell 165 cm (65 inch) 4K Ultra HD LED WebOS TV with AI Customization (2024 model),Lg,149990.0,89990.0,0.0,0,0,https://www.croma.com/lg-nano80-nano-cell-165-cm-65-inch-4k-ultra-hd-led-webos-tv-with-ai-customization-2024-model-/p/307310
117,SAMSUNG QN90 Series 163 cm (65 inch) Neo QLED 4K Ultra HD Tizen TV with Quantum Matrix Technology,Samsung,249900.0,202490.0,0.0,0,0,https://www.croma.com/samsung-qn90-series-163-cm-65-inch-neo-qled-4k-ultra-hd-tizen-tv-with-quantum-matrix-technology/p/305614
118,TCL P745 249 cm (98 inch) 4K Ultra HD LED Google TV with Dolby Vision and Dolby Atmos (2023 model),Tcl,599990.0,249990.0,0.0,0,0,https://www.croma.com/tcl-p745-249-cm-98-inch-4k-ultra-hd-led-google-tv-with-dolby-vision-and-dolby-atmos-2023-model-/p/303000
119,SAMSUNG Crystal 4K Pro 163 cm (65 inch) 4K Ultra HD LED Tizen TV with Alexa Compatibility (2021 model),Samsung,125900.0,59990.0,0.0,0,0,https://www.croma.com/samsung-crystal-4k-pro-163-cm-65-inch-4k-ultra-hd-led-tizen-tv-with-alexa-compatibility-2021-model-/p/250636
120,TCL C755 249 cm (98 inch) 4K Ultra HD LED Google TV with Dolby Vision and Dolby Atmos (2023 model),Tcl,899990.0,449990.0,0.0,0,0,https://www.croma.com/tcl-c755-249-cm-98-inch-4k-ultra-hd-led-google-tv-with-dolby-vision-and-dolby-atmos-2023-model-/p/303005
121,Kodak CA Series 139 cm (55 inch) 4K Ultra HD LED Android TV with Google Assistant (2020 model),Kodak,50999.0,29999.0,0.0,0,0,https://www.croma.com/kodak-ca-series-139-cm-55-inch-4k-ultra-hd-led-android-tv-with-google-assistant-2020-model-/p/246060
122,Sony Bravia 7 189 cm (75 inch) Mini LED 4K Ultra HD Google TV with Dolby Vision & Dolby Atmos (2024 model),Sony,449990.0,332490.0,0.0,0,0,https://www.croma.com/sony-bravia-7-189-cm-75-inch-mini-led-4k-ultra-hd-google-tv-with-dolby-vision-dolby-atmos-2024-model-/p/308091
123,LG G3 139 cm (55 inch) OLED 4K Ultra HD WebOS TV with Dolby Vision and Dolby Atmos (2023 model),Lg,254990.0,164990.0,0.0,0,0,https://www.croma.com/lg-g3-139-cm-55-inch-oled-4k-ultra-hd-webos-tv-with-dolby-vision-and-dolby-atmos-2023-model-/p/274031
124,SAMSUNG DU7700 189 cm (75 inch) 4K Ultra HD LED Tizen TV with Motion Xcelerator,Samsung,149900.0,125990.0,0.0,0,0,https://www.croma.com/samsung-du7700-189-cm-75-inch-4k-ultra-hd-led-tizen-tv-with-motion-xcelerator/p/305585
125,SAMSUNG DU7700 Series 125 cm (50 inch) 4K Ultra HD LED Tizen TV with Motion Xcelerator (2024 model),Samsung,59900.0,51990.0,0.0,0,0,https://www.croma.com/samsung-du7700-series-125-cm-50-inch-4k-ultra-hd-led-tizen-tv-with-motion-xcelerator-2024-model-/p/305843
126,SAMSUNG DU7660 139.7 cm (55 inch) 4K Ultra HD LED Tizen TV with Motion Xcelerator (2024 model),Samsung,68900.0,56990.0,0.0,0,0,https://www.croma.com/samsung-du7660-139-7-cm-55-inch-4k-ultra-hd-led-tizen-tv-with-motion-xcelerator-2024-model-/p/305665
127,Haier P7 Series 127 cm (50 inch) 4K Ultra HD LED Google TV with Dolby Vision & Dolby Atmos,Haier,66990.0,40990.0,0.0,0,0,https://www.croma.com/haier-p7-series-127-cm-50-inch-4k-ultra-hd-led-google-tv-with-dolby-vision-dolby-atmos/p/307608
128,SAMSUNG DU7700 176 cm (70 inch) 4K Ultra HD LED Tizen TV with Motion Xcelerator,Samsung,112900.0,94990.0,0.0,0,0,https://www.croma.com/samsung-du7700-176-cm-70-inch-4k-ultra-hd-led-tizen-tv-with-motion-xcelerator/p/305595
129,KODAK CA-Pro 139 cm (55 inch) 4K Ultra HD LED Google TV with Dolby Vision and Dolby Atmos,Kodak,44999.0,28999.0,5.0,5,3,https://www.croma.com/kodak-ca-pro-139-cm-55-inch-4k-ultra-hd-led-google-tv-with-dolby-vision-and-dolby-atmos/p/274378
130,SAMSUNG Crystal 4K 108 cm (43 inch) 4K Ultra HD LED Tizen TV (2021 model),Samsung,52900.0,52900.0,2.3333333333,9,8,https://www.croma.com/samsung-crystal-4k-108-cm-43-inch-4k-ultra-hd-led-tizen-tv-2021-model-/p/252329
131,LG QNED82T 165.1 cm (65 inch) QNED 4K Ultra HD WebOS TV with AI Picture Pro (2024 model),Lg,178990.0,100990.0,0.0,0,0,https://www.croma.com/lg-qned82t-165-1-cm-65-inch-qned-4k-ultra-hd-webos-tv-with-ai-picture-pro-2024-model-/p/307483
132,Compaq HUEQ A 126 cm (50 inch) 4K Ultra HD webOS TV with Dolby Audio (2022 model),Compaq,40999.0,40999.0,0.0,0,0,https://www.croma.com/compaq-hueq-a-126-cm-50-inch-4k-ultra-hd-webos-tv-with-dolby-audio-2022-model-/p/272119
133,LG UR75 127 cm (50 inch) 4K Ultra HD LED WebOS TV with Gen5 AI Processor 4K,Lg,67990.0,50990.0,0.0,0,0,https://www.croma.com/lg-ur75-127-cm-50-inch-4k-ultra-hd-led-webos-tv-with-gen5-ai-processor-4k/p/274892
134,SONY BRAVIA 2 126 cm (49.50) 4K Ultra HD LED Google TV with Google Assistant (2024 model),Sony,85900.0,62690.0,0.0,0,0,https://www.croma.com/sony-bravia-2-126-cm-49-50-4k-ultra-hd-led-google-tv-with-google-assistant-2024-model-/p/307839
135,SONY BRAVIA 3 215 cm (85 inch) 4K Ultra HD Google TV with Dolby Vision & Dolby Atmos (2024 model),Sony,599900.0,332490.0,0.0,0,0,https://www.croma.com/sony-bravia-3-215-cm-85-inch-4k-ultra-hd-google-tv-with-dolby-vision-dolby-atmos-2024-model-/p/308864
136,AKAI 127 cm (50 inch) 4K Ultra HD LED Fire TV with Alexa Compatibility (2021 model),Akai,63990.0,63990.0,1.0,1,1,https://www.croma.com/akai-127-cm-50-inch-4k-ultra-hd-led-fire-tv-with-alexa-compatibility-2021-model-/p/246449
137,Croma CREL055UTD024601 140 cm (55 inch) 4K Ultra HD LED Smart Tizen TV with Dolby Audio (2024 model),Croma,55500.0,32990.0,0.0,0,0,https://www.croma.com/croma-crel055utd024601-140-cm-55-inch-4k-ultra-hd-led-smart-tizen-tv-with-dolby-audio-2024-model-/p/306797
138,PHILIPS 8200 Series 139 cm (55 inch) 4K Ultra HD LED Android TV with Google Assistant (2021 model),Philips,89990.0,89990.0,0.0,0,0,https://www.croma.com/philips-8200-series-139-cm-55-inch-4k-ultra-hd-led-android-tv-with-google-assistant-2021-model-/p/232749
139,SAMSUNG DU7700 165.1 cm (65 inch) 4K Ultra HD LED Tizen TV with Motion Xcelerator (2024 model),Samsung,101900.0,86990.0,0.0,0,0,https://www.croma.com/samsung-du7700-165-1-cm-65-inch-4k-ultra-hd-led-tizen-tv-with-motion-xcelerator-2024-model-/p/305659
140,TCL C755 190 cm (75 inch) Mini LED 4K Ultra HD Google TV with Dolby Vision and Dolby Atmos (2023 model),Tcl,329990.0,159990.0,0.0,0,0,https://www.croma.com/tcl-c755-190-cm-75-inch-mini-led-4k-ultra-hd-google-tv-with-dolby-vision-and-dolby-atmos-2023-model-/p/303003
141,Haier P7 Series 165 cm (65 inch) 4K Ultra HD LED Google TV with Dolby Vision & Dolby Atmos,Haier,101990.0,62990.0,0.0,0,0,https://www.croma.com/haier-p7-series-165-cm-65-inch-4k-ultra-hd-led-google-tv-with-dolby-vision-dolby-atmos/p/308115
142,AKAI 109 cm (43 inch) 4K Ultra HD LED Fire TV with Alexa Compatibility (2021 model),Akai,51990.0,51990.0,0.0,0,0,https://www.croma.com/akai-109-cm-43-inch-4k-ultra-hd-led-fire-tv-with-alexa-compatibility-2021-model-/p/246448
143,LG C3 210 cm (83 inch) OLED 4K Ultra HD WebOS TV with AI Processor 4K Gen6,Lg,1174990.0,719990.0,0.0,0,0,https://www.croma.com/lg-c3-210-cm-83-inch-oled-4k-ultra-hd-webos-tv-with-ai-processor-4k-gen6/p/274032
144,Panasonic 139 cm (55 inch) 4K Ultra HD LED Google TV with Chroma Drive Dynamic,Panasonic,72990.0,52990.0,0.0,0,0,https://www.croma.com/panasonic-139-cm-55-inch-4k-ultra-hd-led-google-tv-with-chroma-drive-dynamic/p/273072
145,Kodak CA Series 189 cm (75 inch) 4K Ultra HD LED Android TV with Google Assistant (2021 model),Kodak,149999.0,86999.0,0.0,0,0,https://www.croma.com/kodak-ca-series-189-cm-75-inch-4k-ultra-hd-led-android-tv-with-google-assistant-2021-model-/p/246062
146,XElectron Series X 108 cm (43 inch) 4K Ultra HD LED Android TV with Dolby Vision & Dolby Atmos(2022 model),Xelectron,34999.0,19999.0,4.3548387097,31,31,https://www.croma.com/xelectron-series-x-108-cm-43-inch-4k-ultra-hd-led-android-tv-with-dolby-vision-dolby-atmos-2022-model-/p/266673
147,AKAI 139 cm (55 inch) 4K Ultra HD LED Fire TV with Alexa Compatibility (2021 model),Akai,70990.0,70990.0,0.0,0,0,https://www.croma.com/akai-139-cm-55-inch-4k-ultra-hd-led-fire-tv-with-alexa-compatibility-2021-model-/p/246760
148,LG QNED90165 cm (65 inch) QNED MiniLED 4K Ultra HD WebOS TV with Dolby Vision & Dolby Atmos (2024 model),Lg,249990.0,160990.0,0.0,0,0,https://www.croma.com/lg-qned90165-cm-65-inch-qned-miniled-4k-ultra-hd-webos-tv-with-dolby-vision-dolby-atmos-2024-model-/p/307486
149,LG UT80 218.44 cm (86 inch) 4K Ultra HD LED WebOS TV with Filmmaker Mode (2024 Model),Lg,399990.0,279000.0,0.0,0,0,https://www.croma.com/lg-ut80-218-44-cm-86-inch-4k-ultra-hd-led-webos-tv-with-filmmaker-mode-2024-model-/p/309085
150,SAMSUNG DU7660 165.1 cm (65 inch) 4K Ultra HD LED Tizen TV with Motion Xcelerator (2024 model),Samsung,98900.0,83990.0,0.0,0,0,https://www.croma.com/samsung-du7660-165-1-cm-65-inch-4k-ultra-hd-led-tizen-tv-with-motion-xcelerator-2024-model-/p/305660
151,Foxsky 165 cm (65 inch) 4K Ultra HD LED Smart Android TV with Google Assistant (2021 model),Foxsky,129990.0,129990.0,3.0,2,2,https://www.croma.com/foxsky-165-cm-65-inch-4k-ultra-hd-led-smart-android-tv-with-google-assistant-2021-model-/p/258798
152,aiwa Magnifiq 127 cm (50 inch) 4K Ultra HD LED Smart Android TV with Google Voice Search (2022 model),Aiwa,69990.0,32990.0,0.0,0,0,https://www.croma.com/aiwa-magnifiq-127-cm-50-inch-4k-ultra-hd-led-smart-android-tv-with-google-voice-search-2022-model-/p/268767
153,Compaq HUEQ A 109 cm (43 inch) 4K Ultra HD LED WebOS TV with Dolby Audio (2022 model),Compaq,30999.0,30999.0,3.0,2,1,https://www.croma.com/compaq-hueq-a-109-cm-43-inch-4k-ultra-hd-led-webos-tv-with-dolby-audio-2022-model-/p/272118
154,SAMSUNG Crystal 4K Pro 108 cm (43 inch) 4K Ultra HD LED Tizen TV with Alexa Compatibility (2021 model),Samsung,54900.0,54900.0,4.75,4,3,https://www.croma.com/samsung-crystal-4k-pro-108-cm-43-inch-4k-ultra-hd-led-tizen-tv-with-alexa-compatibility-2021-model-/p/250632
155,LG UR77 108 cm (43 inch) 4K Ultra HD LED WebOS TV with AI Processor 4K Gen6 (2023 model),Lg,62990.0,43990.0,5.0,1,1,https://www.croma.com/lg-ur77-108-cm-43-inch-4k-ultra-hd-led-webos-tv-with-ai-processor-4k-gen6-2023-model-/p/274010
156,SAMSUNG QE1D 163 cm (65 inch) QLED 4K Ultra HD Tizen TV with 4K Upscaling (2024 model),Samsung,159900.0,117990.0,0.0,0,0,https://www.croma.com/samsung-qe1d-163-cm-65-inch-qled-4k-ultra-hd-tizen-tv-with-4k-upscaling-2024-model-/p/308219
157,SAMSUNG DU8300 189 cm (75 inch) 4K Ultra HD LED Tizen TV with Dynamic Crystal Color,Samsung,175900.0,149990.0,0.0,0,0,https://www.croma.com/samsung-du8300-189-cm-75-inch-4k-ultra-hd-led-tizen-tv-with-dynamic-crystal-color/p/305649
158,SAMSUNG Series 6 189 cm (75 inch) QLED 4K Ultra HD Tizen TV with Alexa Compatibility,Samsung,384900.0,274990.0,0.0,0,0,https://www.croma.com/samsung-series-6-189-cm-75-inch-qled-4k-ultra-hd-tizen-tv-with-alexa-compatibility/p/251988
159,Panasonic MX Series 108 cm (43 inch) 4K Ultra HD LED Google TV with Google Assistant,Panasonic,53990.0,41590.0,0.0,0,0,https://www.croma.com/panasonic-mx-series-108-cm-43-inch-4k-ultra-hd-led-google-tv-with-google-assistant/p/273074
160,aiwa Magnifiq 139 cm (55 inch) Ultra HD 4K LED Smart Android TV with Dolby Vision Support (2022 model),Aiwa,99990.0,33990.0,0.0,0,0,https://www.croma.com/aiwa-magnifiq-139-cm-55-inch-ultra-hd-4k-led-smart-android-tv-with-dolby-vision-support-2022-model-/p/268768
161,KODAK CA Series 164 cm (65 inch) 4K Ultra HD LED Android TV with Google Assistant (2020 model),Kodak,70499.0,47999.0,1.0,1,1,https://www.croma.com/kodak-ca-series-164-cm-65-inch-4k-ultra-hd-led-android-tv-with-google-assistant-2020-model-/p/246061
162,Croma 127 cm (50 inch) 4K Ultra HD LED Smart WebOS TV with Dolby Audio,Croma,37500.0,25990.0,4.1355932203,59,46,https://www.croma.com/croma-127-cm-50-inch-4k-ultra-hd-led-smart-webos-tv-with-dolby-audio/p/251388
163,SAMSUNG CUE60 138 cm (55 inch) 4K Ultra HD LED Tizen TV with Crystal Processor 4K (2023 model),Samsung,69900.0,43990.0,3.0,1,0,https://www.croma.com/samsung-cue60-138-cm-55-inch-4k-ultra-hd-led-tizen-tv-with-crystal-processor-4k-2023-model-/p/274147
164,TCL V6B 109 cm (43 inch) 4K Ultra HD LED Google TV with Dolby Audio( 2024 Model),Tcl,52990.0,24990.0,3.5,2,1,https://www.croma.com/tcl-v6b-109-cm-43-inch-4k-ultra-hd-led-google-tv-with-dolby-audio-2024-model-/p/308105
165,TCL P755 Pro 139.7 cm (55 inch) 4K QLED Smart Google TV with Dolby Atmos (2024 model),Tcl,80990.0,37990.0,0.0,0,0,https://www.croma.com/tcl-p755-pro-139-7-cm-55-inch-4k-qled-smart-google-tv-with-dolby-atmos-2024-model-/p/306519
166,SAMSUNG 7 108 cm (43 inch) 4K Ultra HD LED Smart Tizen TV with Voice Assistance (2022 model),Samsung,47900.0,24990.0,4.1428571429,7,5,https://www.croma.com/samsung-7-108-cm-43-inch-4k-ultra-hd-led-smart-tizen-tv-with-voice-assistance-2022-model-/p/256071
167,Croma 140 cm (55 inch) 4K Ultra HD LED WebOS TV with Google Assistant,Croma,43000.0,28990.0,4.0975609756,41,34,https://www.croma.com/croma-140-cm-55-inch-4k-ultra-hd-led-webos-tv-with-google-assistant/p/251389
168,TCL C655 109.22 cm (43 inch) QLED 4K Ultra HD Google TV with Dolby Vision (2024 model),Tcl,61990.0,29990.0,5.0,1,0,https://www.croma.com/tcl-c655-109-22-cm-43-inch-qled-4k-ultra-hd-google-tv-with-dolby-vision-2024-model-/p/306516
169,Xiaomi X Series 138 cm (55 inch) 4K Ultra HD LED Google TV with Dolby Vision and Dolby Audio (2023 model),Xiaomi,54999.0,39999.0,5.0,2,1,https://www.croma.com/xiaomi-x-series-138-cm-55-inch-4k-ultra-hd-led-google-tv-with-dolby-vision-and-dolby-audio-2023-model-/p/302087
170,SAMSUNG Crystal 4K Vivid 127 cm (50 inch) 4K Ultra HD LED Tizen TV with Crystal Processor 4K,Samsung,61900.0,44990.0,0.0,0,0,https://www.croma.com/samsung-crystal-4k-vivid-127-cm-50-inch-4k-ultra-hd-led-tizen-tv-with-crystal-processor-4k/p/306174
171,Xiaomi X Series 108 cm (43 inch) 4K Ultra HD LED Google TV with Vivid Picture Engine,Xiaomi,42999.0,23999.0,2.6,5,0,https://www.croma.com/xiaomi-x-series-108-cm-43-inch-4k-ultra-hd-led-google-tv-with-vivid-picture-engine/p/302527
172,TCL P71B Pro 139 cm (55 inch) 4K Ultra HD QLED Google TV with Dolby Vision & Dolby Atmos( 2024 Model),Tcl,79990.0,37990.0,0.0,0,0,https://www.croma.com/tcl-p71b-pro-139-cm-55-inch-4k-ultra-hd-qled-google-tv-with-dolby-vision-dolby-atmos-2024-model-/p/307877
173,TCL 75P635 Pro 189 cm (75 inch) 4K Ultra HD LED Google TV with Bezel Less Display (2023 model),Tcl,256990.0,99999.0,0.0,0,0,https://www.croma.com/tcl-75p635-pro-189-cm-75-inch-4k-ultra-hd-led-google-tv-with-bezel-less-display-2023-model-/p/272265
174,BLAUPUNKT CyberSound G2 Series 100 cm (40 inch) Full HD LED Smart Android TV with Dolby Digital Plus (2023 model),Blaupunkt,29999.0,15499.0,5.0,7,5,https://www.croma.com/blaupunkt-cybersound-g2-series-100-cm-40-inch-full-hd-led-smart-android-tv-with-dolby-digital-plus-2023-model-/p/303330
175,Xiaomi X Series 126 cm (50 inch) 4K Ultra HD LED Google TV with Dolby Vision & Dolby Atmos ,Xiaomi,44999.0,34999.0,5.0,1,0,https://www.croma.com/xiaomi-x-series-126-cm-50-inch-4k-ultra-hd-led-google-tv-with-dolby-vision-dolby-atmos-/p/302528
176,TCL C Series 189 cm (75 inch) QLED 4K Ultra HD Google TV with Dolby Vision (2024 model),Tcl,299990.0,89990.0,0.0,0,0,https://www.croma.com/tcl-c-series-189-cm-75-inch-qled-4k-ultra-hd-google-tv-with-dolby-vision-2024-model-/p/306637
177,Foxsky 140 cm (55 inch) 4K Ultra HD LED Smart Android TV with Google Assistant (2021 model),Foxsky,97990.0,97990.0,4.3333333333,3,3,https://www.croma.com/foxsky-140-cm-55-inch-4k-ultra-hd-led-smart-android-tv-with-google-assistant-2021-model-/p/258797
178,TCL P755 108 cm (43 inch) 4K Ultra HD LED Google TV with Dolby Vision and Dolby Atmos (2024 model),Tcl,54990.0,25990.0,0.0,0,0,https://www.croma.com/tcl-p755-108-cm-43-inch-4k-ultra-hd-led-google-tv-with-dolby-vision-and-dolby-atmos-2024-model-/p/306509
179,TCL C655 165 cm (65 inch) 4K UHD  QLED Smart Google TV with Dolby Vision (2024 model),Tcl,166990.0,69990.0,0.0,0,0,https://www.croma.com/tcl-c655-165-cm-65-inch-4k-uhd-qled-smart-google-tv-with-dolby-vision-2024-model-/p/306527
180,TCL V6B 164 cm (65 inch) 4K Ultra HD LED Google TV with Dolby Audio( 2024 Model),Tcl,124990.0,52990.0,0.0,0,0,https://www.croma.com/tcl-v6b-164-cm-65-inch-4k-ultra-hd-led-google-tv-with-dolby-audio-2024-model-/p/308009
181,SONY X82L 163.9 cm (65 inch) 4K Ultra HD LED Google TV with Live Colour Technology (2023 model),Sony,164900.0,102590.0,5.0,1,1,https://www.croma.com/sony-x82l-163-9-cm-65-inch-4k-ultra-hd-led-google-tv-with-live-colour-technology-2023-model-/p/273820
182,SONY Bravia 3 127 cm (50 inch) LED 4K Ultra HD Google TV with Dolby Vision & Dolby Atmos (2024 model),Sony,114900.0,79790.0,1.0,1,1,https://www.croma.com/sony-bravia-3-127-cm-50-inch-led-4k-ultra-hd-google-tv-with-dolby-vision-dolby-atmos-2024-model-/p/308064
183,TCL P755 Pro 165 cm (65 inch) 4K UHD  QLED Smart Google TV with Dolby Atmos (2024 model),Tcl,129990.0,56990.0,0.0,0,0,https://www.croma.com/tcl-p755-pro-165-cm-65-inch-4k-uhd-qled-smart-google-tv-with-dolby-atmos-2024-model-/p/306526
184,SAMSUNG CUE60 124 cm (50 inch) 4K Ultra HD LED Tizen TV with Crystal Processor 4K (2023 model),Samsung,61900.0,42990.0,3.0,3,1,https://www.croma.com/samsung-cue60-124-cm-50-inch-4k-ultra-hd-led-tizen-tv-with-crystal-processor-4k-2023-model-/p/273686
185,SONY X64L 126 cm (50 inch) 4K Ultra HD LED Google TV with Dolby Audio (2023 model),Sony,74900.0,44990.0,5.0,1,1,https://www.croma.com/sony-x64l-126-cm-50-inch-4k-ultra-hd-led-google-tv-with-dolby-audio-2023-model-/p/302183
186,BLAUPUNKT Quantum Dot 108 cm (43 inch) QLED 4K Ultra HD Google TV with DTS TruSurround (2023 model),Blaupunkt,33999.0,21499.0,4.0555555556,18,15,https://www.croma.com/blaupunkt-quantum-dot-108-cm-43-inch-qled-4k-ultra-hd-google-tv-with-dts-trusurround-2023-model-/p/303334
187,Foxsky 127 cm (50 inch) 4K Ultra HD LED Smart Android TV with Google Assistant (2021 model),Foxsky,82990.0,18999.0,2.2631578947,19,18,https://www.croma.com/foxsky-127-cm-50-inch-4k-ultra-hd-led-smart-android-tv-with-google-assistant-2021-model-/p/258796
188,TOSHIBA C350NP 108 cm (43 inch) 4K Ultra HD LED Google TV with Regza Engine 4K (2024 model),Toshiba,44999.0,27999.0,0.0,0,0,https://www.croma.com/toshiba-c350np-108-cm-43-inch-4k-ultra-hd-led-google-tv-with-regza-engine-4k-2024-model-/p/307481
189,acer I Series 109 cm (43 inch) 4K Ultra HD LED Smart Android TV with Google Assistant (2022 model),Acer,34990.0,23999.0,4.3220338983,59,53,https://www.croma.com/acer-i-series-109-cm-43-inch-4k-ultra-hd-led-smart-android-tv-with-google-assistant-2022-model-/p/255843
190,acer Advanced I Series 139 cm (55 inch) 4K Ultra HD LED Google TV with Dolby Vision and Dolby Audio (2023 model),Acer,59999.0,32999.0,3.5384615385,13,13,https://www.croma.com/acer-advanced-i-series-139-cm-55-inch-4k-ultra-hd-led-google-tv-with-dolby-vision-and-dolby-audio-2023-model-/p/274277
191,Sony Bravia 7 139 cm (55 inch) Mini LED 4K Ultra HD Google TV with Dolby Vision & Dolby Atmos (2024 model),Sony,249900.0,161965.0,0.0,0,0,https://www.croma.com/sony-bravia-7-139-cm-55-inch-mini-led-4k-ultra-hd-google-tv-with-dolby-vision-dolby-atmos-2024-model-/p/308069
192,TOSHIBA C450 126 cm (50 inch) 4K Ultra HD QLED VIDAA TV with Dolby Vision and Dolby Atmos,Toshiba,59999.0,33999.0,0.0,0,0,https://www.croma.com/toshiba-c450-126-cm-50-inch-4k-ultra-hd-qled-vidaa-tv-with-dolby-vision-and-dolby-atmos/p/307654
193,SAMSUNG LS 125 cm (50 inch) QLED 4K Ultra HD Tizen TV with Dolby Digital Plus,Samsung,134900.0,49990.0,0.0,0,0,https://www.croma.com/samsung-ls-125-cm-50-inch-qled-4k-ultra-hd-tizen-tv-with-dolby-digital-plus/p/245391
194,Hisense A6K 126 cm (50 inch) 4K Ultra HD LED Google TV with Dolby Atmos,Hisense,59999.0,30999.0,3.0,2,2,https://www.croma.com/hisense-a6k-126-cm-50-inch-4k-ultra-hd-led-google-tv-with-dolby-atmos/p/275458
195,SONY BRAVIA 2 126 cm (50) 4K Ultra HD LED Google TV with Google Assistant (2024 model),Sony,79990.0,59840.0,0.0,0,0,https://www.croma.com/sony-bravia-2-126-cm-50-4k-ultra-hd-led-google-tv-with-google-assistant-2024-model-/p/307840
196,SAMSUNG Crystal 4K iSmart 163 cm (65 inch) 4K Ultra HD LED Tizen TV with Crystal Processor 4K,Samsung,116900.0,64990.0,0.0,0,0,https://www.croma.com/samsung-crystal-4k-ismart-163-cm-65-inch-4k-ultra-hd-led-tizen-tv-with-crystal-processor-4k/p/274148
197,TCL P635 Pro 108 cm (43 inch) 4K Ultra HD LED Google TV with Dolby Audio (2023 model),Tcl,54990.0,32990.0,2.0,3,3,https://www.croma.com/tcl-p635-pro-108-cm-43-inch-4k-ultra-hd-led-google-tv-with-dolby-audio-2023-model-/p/272121
198,Hisense A6K 108 cm (43 inch) 4K Ultra HD LED Google TV with Dolby Atmos,Hisense,44999.0,27999.0,3.1428571429,7,4,https://www.croma.com/hisense-a6k-108-cm-43-inch-4k-ultra-hd-led-google-tv-with-dolby-atmos/p/275457
199,TOSHIBA C350MP 126 cm (50 inch) 4K Ultra HD LED Google TV with Dolby Vision and Dolby Atmos ,Toshiba,54999.0,31999.0,5.0,1,1,https://www.croma.com/toshiba-c350mp-126-cm-50-inch-4k-ultra-hd-led-google-tv-with-dolby-vision-and-dolby-atmos-/p/306076
200,Hisense E7K 126 cm (50 inch) QLED 4K Ultra HD VIDAA TV with Dolby Vision and Dolby Atmos (2023 model),Hisense,59999.0,29999.0,5.0,1,1,https://www.croma.com/hisense-e7k-126-cm-50-inch-qled-4k-ultra-hd-vidaa-tv-with-dolby-vision-and-dolby-atmos-2023-model-/p/305465
201,LG UR75 139 cm (55 inch) 4K Ultra HD LED WebOS TV with Gen5 AI Processor 4K,Lg,78990.0,51990.0,0.0,0,0,https://www.croma.com/lg-ur75-139-cm-55-inch-4k-ultra-hd-led-webos-tv-with-gen5-ai-processor-4k/p/274891
202,SAMSUNG QE1D 138 cm (55 inch) QLED 4K Ultra HD Tizen TV with 4K Upscaling (2024 model),Samsung,89990.0,69990.0,0.0,0,0,https://www.croma.com/samsung-qe1d-138-cm-55-inch-qled-4k-ultra-hd-tizen-tv-with-4k-upscaling-2024-model-/p/308215
203,SAMSUNG LS Frame Series 108 cm (43 inch) QLED 4K Ultra HD Tizen TV with Alexa Compatibility,Samsung,91900.0,57990.0,5.0,3,3,https://www.croma.com/samsung-ls-frame-series-108-cm-43-inch-qled-4k-ultra-hd-tizen-tv-with-alexa-compatibility/p/251809
204,LG QNED88T 190.5 cm (75 inch) 4K Ultra HD QNED WebOS TV with Dolby Vision and Dolby Atmos (2024 model),Lg,299990.0,175990.0,0.0,0,0,https://www.croma.com/lg-qned88t-190-5-cm-75-inch-4k-ultra-hd-qned-webos-tv-with-dolby-vision-and-dolby-atmos-2024-model-/p/307484
205,KODAK 43MT5055 108 cm (43 inch) QLED 4K Ultra HD Google TV with Dolby Vision and Dolby Atmos (2023 model),Kodak,31999.0,20999.0,3.2857142857,7,5,https://www.croma.com/kodak-43mt5055-108-cm-43-inch-qled-4k-ultra-hd-google-tv-with-dolby-vision-and-dolby-atmos-2023-model-/p/303373
206,SAMSUNG LS Frame Series 138 cm (55 inch) QLED 4K Ultra HD Tizen TV with Alexa Compatibility,Samsung,144900.0,84990.0,4.6111111111,18,18,https://www.croma.com/samsung-ls-frame-series-138-cm-55-inch-qled-4k-ultra-hd-tizen-tv-with-alexa-compatibility/p/251981
207,SAMSUNG 8 Series 138 cm (55 inch) 4K Ultra HD LED Tizen TV with Dynamic Crystal Color,Samsung,85900.0,67494.0,0.0,0,0,https://www.croma.com/samsung-8-series-138-cm-55-inch-4k-ultra-hd-led-tizen-tv-with-dynamic-crystal-color/p/271663
208,SAMSUNG Crystal 4K Pro 125 cm (50 inch) 4K Ultra HD LED Tizen TV with Alexa Compatibility (2021 model),Samsung,71400.0,35990.0,3.0,1,1,https://www.croma.com/samsung-crystal-4k-pro-125-cm-50-inch-4k-ultra-hd-led-tizen-tv-with-alexa-compatibility-2021-model-/p/250633
209,SONY X75L 126 cm (50 inch) 4K Ultra HD LED Google TV with X-Reality PRO (2023 model),Sony,85900.0,57940.0,0.0,0,0,https://www.croma.com/sony-x75l-126-cm-50-inch-4k-ultra-hd-led-google-tv-with-x-reality-pro-2023-model-/p/272255
210,acer Advanced I Series 164 cm (65 inch) 4K Ultra HD LED Google TV with Dolby Vision and Dolby Audio (2023 model),Acer,78990.0,50999.0,0.0,0,0,https://www.croma.com/acer-advanced-i-series-164-cm-65-inch-4k-ultra-hd-led-google-tv-with-dolby-vision-and-dolby-audio-2023-model-/p/301224
211,KODAK 7XPRO Series 108 cm (43 inch) 4K Ultra HD LED Android TV with Google Assistant (2021 model),Kodak,33999.0,19490.0,2.6923076923,13,12,https://www.croma.com/kodak-7xpro-series-108-cm-43-inch-4k-ultra-hd-led-android-tv-with-google-assistant-2021-model-/p/259829
212,SAMSUNG Series 9 247 cm (98 inch) QLED 4K Ultra HD Tizen TV with Alexa Compatibility,Samsung,2299000.0,1449000.0,0.0,0,0,https://www.croma.com/samsung-series-9-247-cm-98-inch-qled-4k-ultra-hd-tizen-tv-with-alexa-compatibility/p/245102
213,TCL P71B Pro 189 cm (75 inch) 4K Ultra HD QLED Google TV with Dolby Vision & Dolby Atmos( 2024 Model),Tcl,258990.0,69990.0,0.0,0,0,https://www.croma.com/tcl-p71b-pro-189-cm-75-inch-4k-ultra-hd-qled-google-tv-with-dolby-vision-dolby-atmos-2024-model-/p/308007
214,SAMSUNG Series 7 189 cm (75 inch) 4K Ultra HD LED Tizen TV with Crystal Processor (2023 model),Samsung,182900.0,108990.0,0.0,0,0,https://www.croma.com/samsung-series-7-189-cm-75-inch-4k-ultra-hd-led-tizen-tv-with-crystal-processor-2023-model-/p/272284
215,LG UR80 164 cm (65 inch) 4K Ultra HD LED WebOS TV with AI Processor 4K Gen6 (2023 model),Lg,124990.0,81990.0,0.0,0,0,https://www.croma.com/lg-ur80-164-cm-65-inch-4k-ultra-hd-led-webos-tv-with-ai-processor-4k-gen6-2023-model-/p/273716
216,Hisense U7N 139.7 cm (55 inch) Mini QLED 4K Ultra HD VIDAA TV with Dolby Vision and Dolby Atmos (2024 model),Hisense,109999.0,76999.0,0.0,0,0,https://www.croma.com/hisense-u7n-139-7-cm-55-inch-mini-qled-4k-ultra-hd-vidaa-tv-with-dolby-vision-and-dolby-atmos-2024-model-/p/307976
217,LG G2 245 cm (97 inch) OLED 4K Ultra HD WebOS TV with Dolby Vision and Dolby Atmos (2022 model),Lg,2499990.0,1619990.0,0.0,0,0,https://www.croma.com/lg-g2-245-cm-97-inch-oled-4k-ultra-hd-webos-tv-with-dolby-vision-and-dolby-atmos-2022-model-/p/271200
218,SONY X82L Series 189 cm (75 inch) 4K Ultra HD LED Google TV with Live Colour Technology (2023 model),Sony,269900.0,142490.0,0.0,0,0,https://www.croma.com/sony-x82l-series-189-cm-75-inch-4k-ultra-hd-led-google-tv-with-live-colour-technology-2023-model-/p/273821
219,SONY Bravia 139.7 cm (55 inch) OLED 4K Ultra HD Google TV with Cognitive Processor XR (2023 model),Sony,249900.0,180490.0,5.0,1,0,https://www.croma.com/sony-bravia-139-7-cm-55-inch-oled-4k-ultra-hd-google-tv-with-cognitive-processor-xr-2023-model-/p/273156
220,TCL P745 216 cm (85 inch) 4K Ultra HD LED Google TV with Dolby Vision and Dolby Atmos (2023 model),Tcl,499990.0,129990.0,0.0,0,0,https://www.croma.com/tcl-p745-216-cm-85-inch-4k-ultra-hd-led-google-tv-with-dolby-vision-and-dolby-atmos-2023-model-/p/300068
221,SAMSUNG QN90D 247 cm (98 inch) Neo QLED 4K Ultra HD Tizen TV with Dolby Atmos (2024 model),Samsung,1799900.0,1399990.0,0.0,0,0,https://www.croma.com/samsung-qn90d-247-cm-98-inch-neo-qled-4k-ultra-hd-tizen-tv-with-dolby-atmos-2024-model-/p/305631
222,Hisense E7K 108 cm (43 inch) QLED 4K Ultra HD VIDAA TV with Dolby Vision and Dolby Atmos (2023 model),Hisense,46999.0,28999.0,0.0,0,0,https://www.croma.com/hisense-e7k-108-cm-43-inch-qled-4k-ultra-hd-vidaa-tv-with-dolby-vision-and-dolby-atmos-2023-model-/p/305421
223,SONY X82L 138.8 cm (55 inch) 4K Ultra HD LED Google TV with Live Colour Technology (2023 model),Sony,129900.0,82640.0,2.3333333333,3,3,https://www.croma.com/sony-x82l-138-8-cm-55-inch-4k-ultra-hd-led-google-tv-with-live-colour-technology-2023-model-/p/273719
224,acer I Series 164 cm (65 inch) 4K Ultra HD LED Android TV with Dolby Vision (2023 model),Acer,78990.0,47999.0,0.0,0,0,https://www.croma.com/acer-i-series-164-cm-65-inch-4k-ultra-hd-led-android-tv-with-dolby-vision-2023-model-/p/274011
225,Hisense A65N 109 cm (43 inch) LED 4K Ultra HD Google TV with Dolby Vision and Dolby Digital (2024 model),Hisense,49999.0,27999.0,0.0,0,0,https://www.croma.com/hisense-a65n-109-cm-43-inch-led-4k-ultra-hd-google-tv-with-dolby-vision-and-dolby-digital-2024-model-/p/307479
226,SONY X80L 125.7 cm (50 inch) 4K Ultra HD LED Google TV with X-Reality PRO (2023 model),Sony,114900.0,75990.0,1.0,1,1,https://www.croma.com/sony-x80l-125-7-cm-50-inch-4k-ultra-hd-led-google-tv-with-x-reality-pro-2023-model-/p/272233
227,LG UR80 139 cm (55 inch) 4K Ultra HD LED WebOS TV with AI Processor 4K Gen6 (2023 model),Lg,84990.0,55490.0,0.0,0,0,https://www.croma.com/lg-ur80-139-cm-55-inch-4k-ultra-hd-led-webos-tv-with-ai-processor-4k-gen6-2023-model-/p/273717
228,SANSUI 109 cm (43 inch) 4K Ultra HD LED Android TV with Dolby Atmos (2022 model),Sansui,38990.0,25990.0,0.0,0,0,https://www.croma.com/sansui-109-cm-43-inch-4k-ultra-hd-led-android-tv-with-dolby-atmos-2022-model-/p/267413
229,SAMSUNG LS Frame Series 125 cm (50 inch) QLED 4K Ultra HD Tizen TV with Alexa Compatibility,Samsung,124900.0,69990.0,5.0,1,1,https://www.croma.com/samsung-ls-frame-series-125-cm-50-inch-qled-4k-ultra-hd-tizen-tv-with-alexa-compatibility/p/251980
230,Sansui 127cm (50 inch) 4K Ultra HD LED Google TV with Quad Core  Processor,Sansui,48690.0,28990.0,3.0,2,2,https://www.croma.com/sansui-127cm-50-inch-4k-ultra-hd-led-google-tv-with-quad-core-processor/p/300049
231,TCL 50P635 Pro 127 cm (50 inch) 4K Ultra HD LED Google TV with Bezel Less Display (2023 model),Tcl,66990.0,31990.0,5.0,2,2,https://www.croma.com/tcl-50p635-pro-127-cm-50-inch-4k-ultra-hd-led-google-tv-with-bezel-less-display-2023-model-/p/272262
232,SONY Bravia 7 165 cm (65 inch) LCD 4K Ultra HD Google TV with Live Colour Technology (2024 model),Sony,299900.0,204240.0,0.0,0,0,https://www.croma.com/sony-bravia-7-165-cm-65-inch-lcd-4k-ultra-hd-google-tv-with-live-colour-technology-2024-model-/p/308089
233,SANSUI 140 cm (55 inch) 4K Ultra HD LED Android TV with Dolby Atmos (2021 model),Sansui,56790.0,35999.0,1.0,1,0,https://www.croma.com/sansui-140-cm-55-inch-4k-ultra-hd-led-android-tv-with-dolby-atmos-2021-model-/p/267415
234,Hisense A6K 140 cm (55 inch) 4K Ultra HD LED Google TV with Dolby Atmos,Hisense,64999.0,35999.0,3.0,2,1,https://www.croma.com/hisense-a6k-140-cm-55-inch-4k-ultra-hd-led-google-tv-with-dolby-atmos/p/275420
235,SAMSUNG Neo QN90D 216 cm (85 inch) 4K Ultra HD QLED Tizen TV with Dolby Atmos (2024 model),Samsung,749900.0,524990.0,0.0,0,0,https://www.croma.com/samsung-neo-qn90d-216-cm-85-inch-4k-ultra-hd-qled-tizen-tv-with-dolby-atmos-2024-model-/p/305625
236,Hisense E7K 164 cm (65 inch) QLED 4K Ultra HD VIDAA TV with Dolby Vision and Dolby Atmos (2023 model),Hisense,89999.0,47999.0,0.0,0,0,https://www.croma.com/hisense-e7k-164-cm-65-inch-qled-4k-ultra-hd-vidaa-tv-with-dolby-vision-and-dolby-atmos-2023-model-/p/305411
237,LG NANO75 108 cm (43 inch) 4K Ultra HD Nano Cell Smart WebOS TV with Voice Assistance (2022 model),Lg,61990.0,61990.0,4.8,5,4,https://www.croma.com/lg-nano75-108-cm-43-inch-4k-ultra-hd-nano-cell-smart-webos-tv-with-voice-assistance-2022-model-/p/257220
238,PHILIPS 8200 Series 126 cm (50 inch) 4K Ultra HD LED Android TV with Google Assistant (2021 model),Philips,69990.0,69990.0,0.0,0,0,https://www.croma.com/philips-8200-series-126-cm-50-inch-4k-ultra-hd-led-android-tv-with-google-assistant-2021-model-/p/232748
239,SAMSUNG 8 Series 163 cm (65 inch) 4K Ultra HD LED Tizen TV with Bezel-less Display,Samsung,127900.0,99990.0,0.0,0,0,https://www.croma.com/samsung-8-series-163-cm-65-inch-4k-ultra-hd-led-tizen-tv-with-bezel-less-display/p/271666
240,SAMSUNG DU8300 216 cm (85 inch) 4K Ultra HD LED Tizen TV with Dynamic Crystal Color,Samsung,399900.0,329990.0,0.0,0,0,https://www.croma.com/samsung-du8300-216-cm-85-inch-4k-ultra-hd-led-tizen-tv-with-dynamic-crystal-color/p/305582
241,SAMSUNG Series 8 216 cm (85 inch) 4K Ultra HD LED Tizen TV with Alexa Compatibility,Samsung,519900.0,519900.0,0.0,0,0,https://www.croma.com/samsung-series-8-216-cm-85-inch-4k-ultra-hd-led-tizen-tv-with-alexa-compatibility/p/252010
242,TOSHIBA 55C350LP 139 cm (55 inch) 4K Ultra HD LED Google TV with Dolby Vision & Dolby Atmos (2022 model),Toshiba,59990.0,38990.0,0.0,0,0,https://www.croma.com/toshiba-55c350lp-139-cm-55-inch-4k-ultra-hd-led-google-tv-with-dolby-vision-dolby-atmos-2022-model-/p/263090
243,TOSHIBA C350MP 189 cm (75 inch) 4K Ultra HD LED Google TV with Regza Engine 4K,Toshiba,114990.0,79999.0,0.0,0,0,https://www.croma.com/toshiba-c350mp-189-cm-75-inch-4k-ultra-hd-led-google-tv-with-regza-engine-4k/p/306061
244,SAMSUNG QN85 Series 215.9 cm (85 inch) 4K Ultra HD Neo QLED Tizen TV with Motion Xcelerator (2024 model),Samsung,699900.0,424990.0,0.0,0,0,https://www.croma.com/samsung-qn85-series-215-9-cm-85-inch-4k-ultra-hd-neo-qled-tizen-tv-with-motion-xcelerator-2024-model-/p/305624
245,SANSUI JSW50ASUHD 127 cm (50 inch) 4K Ultra HD LED Android TV with Dolby Atmos (2021 model),Sansui,56790.0,56790.0,4.2,5,4,https://www.croma.com/sansui-jsw50asuhd-127-cm-50-inch-4k-ultra-hd-led-android-tv-with-dolby-atmos-2021-model-/p/267414
246,SAMSUNG LS Frame Series 189 cm (75 inch) QLED 4K Ultra HD Tizen TV with Alexa Compatibility,Samsung,424900.0,294990.0,0.0,0,0,https://www.croma.com/samsung-ls-frame-series-189-cm-75-inch-qled-4k-ultra-hd-tizen-tv-with-alexa-compatibility/p/251983
247,LG QNED81 164 cm (65 inch) 4K Ultra HD QNED Smart WebOS TV with Voice Assistance (2022 model),Lg,169990.0,119990.0,0.0,0,0,https://www.croma.com/lg-qned81-164-cm-65-inch-4k-ultra-hd-qned-smart-webos-tv-with-voice-assistance-2022-model-/p/258887
248,SAMSUNG LS01B 138 cm (55 inch) QLED 4K Ultra HD Tizen TV with Matte Display (2024 model),Samsung,163900.0,148900.0,0.0,0,0,https://www.croma.com/samsung-ls01b-138-cm-55-inch-qled-4k-ultra-hd-tizen-tv-with-matte-display-2024-model-/p/307624
249,TCL 65P635 Pro 165 cm (65 inch) 4K Ultra HD LED Google TV with Google Assistant,Tcl,126990.0,60990.0,0.0,0,0,https://www.croma.com/tcl-65p635-pro-165-cm-65-inch-4k-ultra-hd-led-google-tv-with-google-assistant/p/272264
250,LG UT90 190.5 cm (75 inch) 4K Ultra HD LED WebOS TV with Filmmaker Mode (2024 model),Lg,262990.0,149990.0,0.0,0,0,https://www.croma.com/lg-ut90-190-5-cm-75-inch-4k-ultra-hd-led-webos-tv-with-filmmaker-mode-2024-model-/p/306900
251,SAMSUNG Series 9 138 cm (55 inch) QLED 4K Ultra HD Tizen TV with Alexa Compatibility,Samsung,219900.0,219900.0,5.0,2,2,https://www.croma.com/samsung-series-9-138-cm-55-inch-qled-4k-ultra-hd-tizen-tv-with-alexa-compatibility/p/251990
252,Acer I Series 139 cm (55 inch) 4K Ultra HD LED Smart Android TV with Google Assistant (2022 model),Acer,47990.0,31999.0,4.7209302326,43,38,https://www.croma.com/acer-i-series-139-cm-55-inch-4k-ultra-hd-led-smart-android-tv-with-google-assistant-2022-model-/p/255845
253,LG G2 139 cm (55 inch) OLED 4K Ultra HD WebOS TV with Voice Assistance (2022 model),Lg,254990.0,149990.0,4.2727272727,11,11,https://www.croma.com/lg-g2-139-cm-55-inch-oled-4k-ultra-hd-webos-tv-with-voice-assistance-2022-model-/p/258424
254,LG UR80 218 cm (86 inch) 4K Ultra HD LED WebOS TV with AI Processor 4K Gen6 (2023 model),Lg,399990.0,289990.0,0.0,0,0,https://www.croma.com/lg-ur80-218-cm-86-inch-4k-ultra-hd-led-webos-tv-with-ai-processor-4k-gen6-2023-model-/p/273713
255,SAMSUNG LS01B 127 cm (50 inch) QLED 4K Ultra HD Tizen TV with Matte Display (2024 model),Samsung,119900.0,104900.0,0.0,0,0,https://www.croma.com/samsung-ls01b-127-cm-50-inch-qled-4k-ultra-hd-tizen-tv-with-matte-display-2024-model-/p/307217
256,TCL C755 216 cm (85 inch) 4K Ultra HD LED Google TV with Dolby Vision and Dolby Atmos (2023 model),Tcl,529990.0,259990.0,0.0,0,0,https://www.croma.com/tcl-c755-216-cm-85-inch-4k-ultra-hd-led-google-tv-with-dolby-vision-and-dolby-atmos-2023-model-/p/303004
257,SAMSUNG LS Frame Series 163 cm (65 inch) QLED 4K Ultra HD Tizen TV with Alexa Compatibility,Samsung,222900.0,133990.0,1.0,1,1,https://www.croma.com/samsung-ls-frame-series-163-cm-65-inch-qled-4k-ultra-hd-tizen-tv-with-alexa-compatibility/p/251982
258,Hisense U6N Pro 165 cm (65 inch) 4K Ultra HD Mini LED VIDAA TV with Dolby Vision & Dolby Atmos,Hisense,119999.0,74999.0,0.0,0,0,https://www.croma.com/hisense-u6n-pro-165-cm-65-inch-4k-ultra-hd-mini-led-vidaa-tv-with-dolby-vision-dolby-atmos/p/308118
259,SAMSUNG 8 Series 163 cm (65 inch) 4K Ultra HD QLED Tizen TV with Bezel-less Display,Samsung,249900.0,164990.0,0.0,0,0,https://www.croma.com/samsung-8-series-163-cm-65-inch-4k-ultra-hd-qled-tizen-tv-with-bezel-less-display/p/271994
260,TOSHIBA 65M550LP 164 cm (65 inch) QLED 4K Ultra HD Google TV with Dolby Vision & Dolby Atmos (2022 model),Toshiba,114990.0,74990.0,0.0,0,0,https://www.croma.com/toshiba-65m550lp-164-cm-65-inch-qled-4k-ultra-hd-google-tv-with-dolby-vision-dolby-atmos-2022-model-/p/263092
261,LG UR8050 126 cm (50 inch) 4K Ultra HD LED WebOS TV with AI Processor 4K Gen6,Lg,72990.0,51990.0,0.0,0,0,https://www.croma.com/lg-ur8050-126-cm-50-inch-4k-ultra-hd-led-webos-tv-with-ai-processor-4k-gen6/p/273718
262,Redmi L43R8-FVIN 108 cm (43 inch) 4K Ultra HD LED Fire TV with Vivid Picture Engine (2023 model),Redmi,42999.0,21999.0,0.0,0,0,https://www.croma.com/redmi-l43r8-fvin-108-cm-43-inch-4k-ultra-hd-led-fire-tv-with-vivid-picture-engine-2023-model-/p/308643
263,TOSHIBA M650MP 139 cm (55 inch) 4K Ultra HD QLED Vidaa TV with Dolby Atmos (2024 model),Toshiba,84999.0,69999.0,0.0,0,0,https://www.croma.com/toshiba-m650mp-139-cm-55-inch-4k-ultra-hd-qled-vidaa-tv-with-dolby-atmos-2024-model-/p/306065
264,LG QNED81 139 cm (55 inch) 4K Ultra HD QNED Smart WebOS TV with LG Voice Assistance (2022 model),Lg,119990.0,119990.0,4.0769230769,13,13,https://www.croma.com/lg-qned81-139-cm-55-inch-4k-ultra-hd-qned-smart-webos-tv-with-lg-voice-assistance-2022-model-/p/258884
265,TOSHIBA M650MP 164 cm (65 inch) 4K Ultra HD QLED Vidaa TV with Dolby Atmos,Toshiba,114999.0,89999.0,0.0,0,0,https://www.croma.com/toshiba-m650mp-164-cm-65-inch-4k-ultra-hd-qled-vidaa-tv-with-dolby-atmos/p/306165
266,SAMSUNG Series 8 138 cm (55 inch) 4K Ultra HD LED Tizen TV with Alexa Compatibility,Samsung,89400.0,89400.0,4.5166666667,60,58,https://www.croma.com/samsung-series-8-138-cm-55-inch-4k-ultra-hd-led-tizen-tv-with-alexa-compatibility/p/252006
267,LG QNED82T 190.5 cm (75 inch) QNED 4K Ultra HD WebOS TV with AI Picture Pro (2024 model),Lg,299990.0,164990.0,0.0,0,0,https://www.croma.com/lg-qned82t-190-5-cm-75-inch-qned-4k-ultra-hd-webos-tv-with-ai-picture-pro-2024-model-/p/307482
268,SAMSUNG 6 Series 138 cm (55 inch) QLED 4K Tizen TV with Bezel-less Display,Samsung,105900.0,75994.0,0.0,0,0,https://www.croma.com/samsung-6-series-138-cm-55-inch-qled-4k-tizen-tv-with-bezel-less-display/p/271987
269,SAMSUNG 8 Series 138 cm (55 inch) 4K Ultra HD QLED Tizen TV with Bezel-less Display,Samsung,189900.0,118994.0,0.0,0,0,https://www.croma.com/samsung-8-series-138-cm-55-inch-4k-ultra-hd-qled-tizen-tv-with-bezel-less-display/p/271993
270,SAMSUNG QE1D 189 cm (75 inch) QLED 4K Ultra HD Tizen TV with 4K Upscaling (2024 model),Samsung,344900.0,199000.0,0.0,0,0,https://www.croma.com/samsung-qe1d-189-cm-75-inch-qled-4k-ultra-hd-tizen-tv-with-4k-upscaling-2024-model-/p/308223
271,Hisense A7K 140 cm (55 inch) 4K Ultra HD LED Google TV with Dolby Vision and Dolby Atmos,Hisense,69999.0,35999.0,4.0,1,1,https://www.croma.com/hisense-a7k-140-cm-55-inch-4k-ultra-hd-led-google-tv-with-dolby-vision-and-dolby-atmos/p/275422
272,SAMSUNG 8 Series 163 cm (65 inch) 4K Ultra HD LED Tizen TV with Adaptive Sound,Samsung,119900.0,82990.0,0.0,0,0,https://www.croma.com/samsung-8-series-163-cm-65-inch-4k-ultra-hd-led-tizen-tv-with-adaptive-sound/p/271665
273,SONY XR Series 215 cm (85 inch) 4K Ultra HD LED Google TV with XR Cognitive Processor (2023 model),Sony,899900.0,489240.0,0.0,0,0,https://www.croma.com/sony-xr-series-215-cm-85-inch-4k-ultra-hd-led-google-tv-with-xr-cognitive-processor-2023-model-/p/273959
274,Hisense E6N 164 cm (65 inch) 4K Ultra HD LED Smart Google TV With 4K AI Upscaler (2024 Model),Hisense,79999.0,54999.0,0.0,0,0,https://www.croma.com/hisense-e6n-164-cm-65-inch-4k-ultra-hd-led-smart-google-tv-with-4k-ai-upscaler-2024-model-/p/309501
275,SAMSUNG S90 Series 210.8 cm (83 inch) OLED 4K Ultra HD Tizen TV with NQ4 AI Gen2 Processor,Samsung,724900.0,549990.0,0.0,0,0,https://www.croma.com/samsung-s90-series-210-8-cm-83-inch-oled-4k-ultra-hd-tizen-tv-with-nq4-ai-gen2-processor/p/305926
276,TOSHIBA 55M550LP 139 cm (55 inch) 4K Ultra HD QLED Google TV with Dolby Vision & Dolby Atmos (2022 model),Toshiba,79990.0,48999.0,0.0,0,0,https://www.croma.com/toshiba-55m550lp-139-cm-55-inch-4k-ultra-hd-qled-google-tv-with-dolby-vision-dolby-atmos-2022-model-/p/263091
277,SAMSUNG Series 8 216 cm (85 inch) 4K Ultra HD LED Tizen TV with Crystal Processor (2023 model),Samsung,449900.0,279990.0,0.0,0,0,https://www.croma.com/samsung-series-8-216-cm-85-inch-4k-ultra-hd-led-tizen-tv-with-crystal-processor-2023-model-/p/272286
278,SAMSUNG 6 Series 214 cm (85 inch) QLED 4K Tizen TV with Bezel-less Display,Samsung,699900.0,524990.0,0.0,0,0,https://www.croma.com/samsung-6-series-214-cm-85-inch-qled-4k-tizen-tv-with-bezel-less-display/p/271990
279,KODAK CA-Pro 164 cm (65 inch) 4K Ultra HD LED Google TV with Dolby Vision and Dolby Atmos,Kodak,69999.0,42999.0,0.0,0,0,https://www.croma.com/kodak-ca-pro-164-cm-65-inch-4k-ultra-hd-led-google-tv-with-dolby-vision-and-dolby-atmos/p/274379
280,TCL C Series 190.5 cm (75 inch) 4K Ultra HD QLED Smart Android TV with Voice Assistance (2022 model),Tcl,299990.0,299990.0,0.0,0,0,https://www.croma.com/tcl-c-series-190-5-cm-75-inch-4k-ultra-hd-qled-smart-android-tv-with-voice-assistance-2022-model-/p/255763
281,LG UR75 165 cm (65 inch) 4K Ultra HD LED WebOS TV with 5 Gen5 AI Processor 4K,Lg,104990.0,77990.0,0.0,0,0,https://www.croma.com/lg-ur75-165-cm-65-inch-4k-ultra-hd-led-webos-tv-with-%ce%b15-gen5-ai-processor-4k/p/274894
282,Haier GS Series 127 cm (50 inch) 4K Ultra HD LED Google TV with Dolby Atmos,Haier,65990.0,37990.0,0.0,0,0,https://www.croma.com/haier-gs-series-127-cm-50-inch-4k-ultra-hd-led-google-tv-with-dolby-atmos/p/273161
283,SAMSUNG S90 Series 195 cm (77 inch) OLED 4K Ultra HD Tizen TV with NQ4 AI Gen2 Processor,Samsung,549900.0,469900.0,0.0,0,0,https://www.croma.com/samsung-s90-series-195-cm-77-inch-oled-4k-ultra-hd-tizen-tv-with-nq4-ai-gen2-processor/p/305925
284,Hisense E6N 139 cm (55 inch) 4K Ultra HD LED Smart Google TV With 4K AI Upscaler (2024 Model),Hisense,59999.0,38999.0,0.0,0,0,https://www.croma.com/hisense-e6n-139-cm-55-inch-4k-ultra-hd-led-smart-google-tv-with-4k-ai-upscaler-2024-model-/p/309604
285,Acer Frameless 109 cm (43 inch) 4K Ultra HD LED Android TV with Google Assistant,Acer,34990.0,34990.0,4.5483870968,62,58,https://www.croma.com/acer-frameless-109-cm-43-inch-4k-ultra-hd-led-android-tv-with-google-assistant/p/246906
286,LG UQ80 139 cm (55 inch) 4K Ultra HD LED Smart WebOS TV with Voice Assistance (2022 model),Lg,84990.0,49990.0,3.0,4,3,https://www.croma.com/lg-uq80-139-cm-55-inch-4k-ultra-hd-led-smart-webos-tv-with-voice-assistance-2022-model-/p/259359
287,Haier GS Series 109 cm (43 inch) 4K Ultra HD LED Google TV with Dolby Atmos,Haier,50990.0,30990.0,0.0,0,0,https://www.croma.com/haier-gs-series-109-cm-43-inch-4k-ultra-hd-led-google-tv-with-dolby-atmos/p/273162
288,LG NANO75 139 cm (55 inch) 4K Ultra HD Nano Cell Smart WebOS TV with Voice Assistance,Lg,94990.0,64490.0,4.5238095238,63,61,https://www.croma.com/lg-nano75-139-cm-55-inch-4k-ultra-hd-nano-cell-smart-webos-tv-with-voice-assistance/p/258430
289,Hisense U7N 165 cm (65 inch) Mini QLED 4K Ultra HD VIDAA TV with Dolby Vision and Dolby Atmos (2024 model),Hisense,149999.0,104999.0,0.0,0,0,https://www.croma.com/hisense-u7n-165-cm-65-inch-mini-qled-4k-ultra-hd-vidaa-tv-with-dolby-vision-and-dolby-atmos-2024-model-/p/308117
290,SAMSUNG S95 Series 195.5 cm (77 inch) 4K Ultra HD OLED Tizen TV with Perceptional Color Mapping (2024 model),Samsung,589900.0,499990.0,0.0,0,0,https://www.croma.com/samsung-s95-series-195-5-cm-77-inch-4k-ultra-hd-oled-tizen-tv-with-perceptional-color-mapping-2024-model-/p/305648
291,Hisense A7K 165 cm (65 inch) 4K Ultra HD LED Google TV with Dolby Vision and Dolby Atmos,Hisense,69999.0,48999.0,0.0,0,0,https://www.croma.com/hisense-a7k-165-cm-65-inch-4k-ultra-hd-led-google-tv-with-dolby-vision-and-dolby-atmos/p/275423
292,SONY X90L 189 cm (75 inch) 4K Ultra HD LED Google TV with Cognitive Processor XR (2023 model),Sony,379900.0,251740.0,0.0,0,0,https://www.croma.com/sony-x90l-189-cm-75-inch-4k-ultra-hd-led-google-tv-with-cognitive-processor-xr-2023-model-/p/275536
293,SONY X80L 215 cm (85 inch) 4K Ultra HD LED Google TV with X-Reality PRO (2023 model),Sony,599900.0,265990.0,0.0,0,0,https://www.croma.com/sony-x80l-215-cm-85-inch-4k-ultra-hd-led-google-tv-with-x-reality-pro-2023-model-/p/273990
294,LG UR80 189 cm (75 inch) 4K Ultra HD LED WebOS TV with AI Processor 4K Gen6 (2023 model),Lg,224990.0,127990.0,0.0,0,0,https://www.croma.com/lg-ur80-189-cm-75-inch-4k-ultra-hd-led-webos-tv-with-ai-processor-4k-gen6-2023-model-/p/273714
295,LG NANO75 164 cm (65 inch) 4K Ultra HD Nano Cell Smart WebOS TV with Voice Assistance (2022 model),Lg,134990.0,90990.0,4.5,6,6,https://www.croma.com/lg-nano75-164-cm-65-inch-4k-ultra-hd-nano-cell-smart-webos-tv-with-voice-assistance-2022-model-/p/258431
296,SONY A95L Series 164 cm (65 inch) OLED 4K Ultra HD Google TV with Dolby Vision and Dolby Atmos (2023 model),Sony,479900.0,360990.0,0.0,0,0,https://www.croma.com/sony-a95l-series-164-cm-65-inch-oled-4k-ultra-hd-google-tv-with-dolby-vision-and-dolby-atmos-2023-model-/p/301206
297,Hisense E7K Pro 164 cm (65 inch) QLED 4K Ultra HD VIDAA TV with Dolby Vision and Dolby Atmos (2023 model),Hisense,99999.0,66999.0,0.0,0,0,https://www.croma.com/hisense-e7k-pro-164-cm-65-inch-qled-4k-ultra-hd-vidaa-tv-with-dolby-vision-and-dolby-atmos-2023-model-/p/305414
298,LG UR80 177 cm (70 inch) 4K Ultra HD LED WebOS TV with AI Processor 4K Gen6 (2023 model),Lg,164990.0,88990.0,0.0,0,0,https://www.croma.com/lg-ur80-177-cm-70-inch-4k-ultra-hd-led-webos-tv-with-ai-processor-4k-gen6-2023-model-/p/273715
299,LG C3 195 cm (77 inch) OLED 4K Ultra HD WebOS TV with AI Processor Gen6 AI,Lg,699990.0,459990.0,0.0,0,0,https://www.croma.com/lg-c3-195-cm-77-inch-oled-4k-ultra-hd-webos-tv-with-ai-processor-gen6-ai/p/274033
300,TCL 55P635 Pro 140 cm (55 inch) 4K Ultra HD LED Google TV with Google Assistant,Tcl,79990.0,41490.0,2.0,4,4,https://www.croma.com/tcl-55p635-pro-140-cm-55-inch-4k-ultra-hd-led-google-tv-with-google-assistant/p/272263
301,LG evo G2 164 cm (65 inch) 4K Ultra HD OLED Smart WebOS TV with Voice Assistance (2022 model),Lg,399990.0,250990.0,5.0,1,1,https://www.croma.com/lg-evo-g2-164-cm-65-inch-4k-ultra-hd-oled-smart-webos-tv-with-voice-assistance-2022-model-/p/258426
302,TOSHIBA M550MP 139 cm (55 inch) QLED 4K Ultra HD Google TV with Dolby Vision and Dolby Atmos,Toshiba,69999.0,42999.0,0.0,0,0,https://www.croma.com/toshiba-m550mp-139-cm-55-inch-qled-4k-ultra-hd-google-tv-with-dolby-vision-and-dolby-atmos/p/306062
